Tempo;Geracao_diaria_real_i1;Geracao_diaria_real_i2;Geracao_diaria_real_i3;meta_diaria;meta_mensal;soma_dos_inv;inv_1;inv_2;inv_3;maior_entre_1_e_2;65%_do_menor;diferenca_entre_a_geracao_real_e_prevista;valor_previsto_para_o_inv_3;valor maior entre 1 e 2;95%_do_maior;kwh _desperdicado
01/01/2022;0;0;0;392.8;12177;0;0;0;0;0;0;0;0;0;0;0
02/01/2022;0;0;0;392.8;12177;0;0;0;0;0;0;0;0;0;0;0
03/01/2022;0;0;0;392.8;12177;0;0;0;0;0;0;0;0;0;0;0
04/01/2022;0;0;0;392.8;12177;0;0;0;0;0;0;0;0;0;0;0
05/01/2022;0;0;0;392.8;12177;0;0;0;0;0;0;0;0;0;0;0
06/01/2022;0;0;0;392.8;12177;0;0;0;0;0;0;0;0;0;0;0
07/01/2022;0;0;0;392.8;12177;0;0;0;0;0;0;0;0;0;0;0
08/01/2022;0;0;0;392.8;12177;0;0;0;0;0;0;0;0;0;0;0
09/01/2022;0;0;0;392.8;12177;0;0;0;0;0;0;0;0;0;0;0
10/01/2022;0;0;0;392.8;12177;0;0;0;0;0;0;0;0;0;0;0
11/01/2022;0;0;0;392.8;12177;0;0;0;0;0;0;0;0;0;0;0
12/01/2022;53;0;39.1;392.8;12177;92.1;53;0;39.1;53;34.45;0;39.1;53;50.35;50.35
13/01/2022;160.2;116.1;107.2;392.8;12177;383.5;160.2;116.1;107.2;160.2;104.13;0;107.2;160.2;152.19;36.09
14/01/2022;93.2;93.1;68.6;392.8;12177;254.9;93.2;93.1;68.6;93.2;60.58;0;68.6;93.2;88.54;0
15/01/2022;70.7;0;51.8;392.8;12177;122.5;70.7;0;51.8;70.7;45.955;0;51.8;70.7;67.165;67.165
16/01/2022;65.8;0;48.7;392.8;12177;114.5;65.8;0;48.7;65.8;42.77;0;48.7;65.8;62.51;62.51
17/01/2022;144;0;105.5;392.8;12177;249.5;144;0;105.5;144;93.6;0;105.5;144;136.8;136.8
18/01/2022;164;0;120.1;392.8;12177;284.1;164;0;120.1;164;106.6;0;120.1;164;155.8;155.8
19/01/2022;157.5;0;116.4;392.8;12177;273.9;157.5;0;116.4;157.5;102.375;0;116.4;157.5;149.625;149.625
20/01/2022;136.8;0;100.2;392.8;12177;237;136.8;0;100.2;136.8;88.92;0;100.2;136.8;129.96;129.96
21/01/2022;164.5;0;119.6;392.8;12177;284.1;164.5;0;119.6;164.5;106.925;0;119.6;164.5;156.275;156.275
22/01/2022;97.5;0;71.1;392.8;12177;168.6;97.5;0;71.1;97.5;63.375;0;71.1;97.5;92.625;92.625
23/01/2022;171.3;0;124.4;392.8;12177;295.7;171.3;0;124.4;171.3;111.345;0;124.4;171.3;162.735;162.735
24/01/2022;148.9;0;109.5;392.8;12177;258.4;148.9;0;109.5;148.9;96.785;0;109.5;148.9;141.455;141.455
25/01/2022;94.3;0;69.7;392.8;12177;164;94.3;0;69.7;94.3;61.295;0;69.7;94.3;89.585;89.585
26/01/2022;132.8;37.7;96.7;392.8;12177;267.2;132.8;37.7;96.7;132.8;86.32;0;96.7;132.8;126.16;88.46
27/01/2022;69.1;71.3;51.1;392.8;12177;191.5;69.1;71.3;51.1;71.3;46.345;0;51.1;71.3;67.735;0
28/01/2022;68.1;70;50.4;392.8;12177;188.5;68.1;70;50.4;70;45.5;0;50.4;70;66.5;0
29/01/2022;113.1;108.7;83.5;392.8;12177;305.3;113.1;108.7;83.5;113.1;73.515;0;83.5;113.1;107.445;0
30/01/2022;45.7;46.5;34.1;392.8;12177;126.3;45.7;46.5;34.1;46.5;30.225;0;34.1;46.5;44.175;0
31/01/2022;60;60.5;39.7;392.8;12177;160.2;60;60.5;39.7;60.5;39.325;0;39.7;60.5;57.475;0
01/02/2022;107.3;97.8;78.7;439.4;12303;283.8;107.3;97.8;78.7;107.3;69.745;0;78.7;107.3;101.935;4.135
02/02/2022;151.6;149.9;110.1;439.4;12303;411.6;151.6;149.9;110.1;151.6;98.54;0;110.1;151.6;144.02;0
03/02/2022;157.2;149.4;114.9;439.4;12303;421.5;157.2;149.4;114.9;157.2;102.18;0;114.9;157.2;149.34;0
04/02/2022;115.5;100.7;83.9;439.4;12303;300.1;115.5;100.7;83.9;115.5;75.075;0;83.9;115.5;109.725;9.025
05/02/2022;152.4;151.3;111.5;439.4;12303;415.2;152.4;151.3;111.5;152.4;99.06;0;111.5;152.4;144.78;0
06/02/2022;179.7;139.7;131.2;439.4;12303;450.6;179.7;139.7;131.2;179.7;116.805;0;131.2;179.7;170.715;31.015
07/02/2022;158.5;119.3;115.5;439.4;12303;393.3;158.5;119.3;115.5;158.5;103.025;0;115.5;158.5;150.575;31.275
08/02/2022;139.9;135.1;102.4;439.4;12303;377.4;139.9;135.1;102.4;139.9;90.935;0;102.4;139.9;132.905;0
09/02/2022;149.5;126.7;108.9;439.4;12303;385.1;149.5;126.7;108.9;149.5;97.175;0;108.9;149.5;142.025;15.325
10/02/2022;157.4;131.2;114.8;439.4;12303;403.4;157.4;131.2;114.8;157.4;102.31;0;114.8;157.4;149.53;18.33
11/02/2022;58.6;60.3;42.6;439.4;12303;161.5;58.6;60.3;42.6;60.3;39.195;0;42.6;60.3;57.285;0
12/02/2022;0;0;0;439.4;12303;0;0;0;0;0;0;0;0;0;0;0
13/02/2022;0;0;0;439.4;12303;0;0;0;0;0;0;0;0;0;0;0
14/02/2022;0;0;0;439.4;12303;0;0;0;0;0;0;0;0;0;0;0
15/02/2022;11.3;10.8;8.1;439.4;12303;30.2;11.3;10.8;8.1;11.3;7.345;0;8.1;11.3;10.735;0
16/02/2022;114;115;83.1;439.4;12303;312.1;114;115;83.1;115;74.75;0;83.1;115;109.25;0
17/02/2022;67.3;66.8;49.1;439.4;12303;183.2;67.3;66.8;49.1;67.3;43.745;0;49.1;67.3;63.935;0
18/02/2022;109.4;105.8;79.9;439.4;12303;295.1;109.4;105.8;79.9;109.4;71.11;0;79.9;109.4;103.93;0
19/02/2022;57.1;58.4;41.8;439.4;12303;157.3;57.1;58.4;41.8;58.4;37.96;0;41.8;58.4;55.48;0
20/02/2022;0;0;0;439.4;12303;0;0;0;0;0;0;0;0;0;0;0
21/02/2022;80.7;74;59.4;439.4;12303;214.1;80.7;74;59.4;80.7;52.455;0;59.4;80.7;76.665;2.665
22/02/2022;52.3;51.1;38.4;439.4;12303;141.8;52.3;51.1;38.4;52.3;33.995;0;38.4;52.3;49.685;0
23/02/2022;164;141.4;120.4;439.4;12303;425.8;164;141.4;120.4;164;106.6;0;120.4;164;155.8;14.4
24/02/2022;86.6;87.2;63.3;439.4;12303;237.1;86.6;87.2;63.3;87.2;56.68;0;63.3;87.2;82.84;0
25/02/2022;129.2;113.5;93.3;439.4;12303;336;129.2;113.5;93.3;129.2;83.98;0;93.3;129.2;122.74;9.24
26/02/2022;41.8;43.4;30.5;439.4;12303;115.7;41.8;43.4;30.5;43.4;28.21;0;30.5;43.4;41.23;0
27/02/2022;0;0;0;439.4;12303;0;0;0;0;0;0;0;0;0;0;0
28/02/2022;0;0;0;439.4;12303;0;0;0;0;0;0;0;0;0;0;0
01/03/2022;0;0;0;382.6;11862;0;0;0;0;0;0;0;0;0;0;0
02/03/2022;0;0;0;382.6;11862;0;0;0;0;0;0;0;0;0;0;0
03/03/2022;141.7;111.3;103.8;382.6;11862;356.8;141.7;111.3;103.8;141.7;92.105;0;103.8;141.7;134.615;23.315
04/03/2022;143;130.6;104.2;382.6;11862;377.8;143;130.6;104.2;143;92.95;0;104.2;143;135.85;5.25
05/03/2022;107.7;101.8;78.3;382.6;11862;287.8;107.7;101.8;78.3;107.7;70.005;0;78.3;107.7;102.315;0.515
06/03/2022;93.3;93.5;67.6;382.6;11862;254.4;93.3;93.5;67.6;93.5;60.775;0;67.6;93.5;88.825;0
07/03/2022;129.9;126.1;95.1;382.6;11862;351.1;129.9;126.1;95.1;129.9;84.435;0;95.1;129.9;123.405;0
08/03/2022;169.8;165.2;124.7;382.6;11862;459.7;169.8;165.2;124.7;169.8;110.37;0;124.7;169.8;161.31;0
09/03/2022;164.6;144.8;120.1;382.6;11862;429.5;164.6;144.8;120.1;164.6;106.99;0;120.1;164.6;156.37;11.57
10/03/2022;141.9;139.5;103.3;382.6;11862;384.7;141.9;139.5;103.3;141.9;92.235;0;103.3;141.9;134.805;0
11/03/2022;24.6;24.6;17.7;382.6;11862;66.9;24.6;24.6;17.7;24.6;15.99;0;17.7;24.6;23.37;0
12/03/2022;123.5;122.8;90.5;382.6;11862;336.8;123.5;122.8;90.5;123.5;80.275;0;90.5;123.5;117.325;0
13/03/2022;145.3;142.6;106.8;382.6;11862;394.7;145.3;142.6;106.8;145.3;94.445;0;106.8;145.3;138.035;0
14/03/2022;137.4;87.9;100.4;382.6;11862;325.7;137.4;87.9;100.4;137.4;89.31;0;100.4;137.4;130.53;42.63
15/03/2022;106.9;88.2;78.1;382.6;11862;273.2;106.9;88.2;78.1;106.9;69.485;0;78.1;106.9;101.555;13.355
16/03/2022;49.1;50.4;35.6;382.6;11862;135.1;49.1;50.4;35.6;50.4;32.76;0;35.6;50.4;47.88;0
17/03/2022;89.9;89.5;66;382.6;11862;245.4;89.9;89.5;66;89.9;58.435;0;66;89.9;85.405;0
18/03/2022;143.6;137;68.4;382.6;11862;349;143.6;137;68.4;143.6;93.34;24.94;93.34;143.6;136.42;0
19/03/2022;134.3;135.1;0;382.6;11862;269.4;134.3;135.1;0;135.1;87.815;87.815;87.815;135.1;128.345;0
20/03/2022;121.5;121.9;0;382.6;11862;243.4;121.5;121.9;0;121.9;79.235;79.235;79.235;121.9;115.805;0
21/03/2022;155.3;153.9;0;382.6;11862;309.2;155.3;153.9;0;155.3;100.945;100.945;100.945;155.3;147.535;0
22/03/2022;64.2;64.5;0;382.6;11862;128.7;64.2;64.5;0;64.5;41.925;41.925;41.925;64.5;61.275;0
23/03/2022;73.5;75.2;0;382.6;11862;148.7;73.5;75.2;0;75.2;48.88;48.88;48.88;75.2;71.44;0
24/03/2022;145.4;145.2;24.2;382.6;11862;314.8;145.4;145.2;24.2;145.4;94.51;70.31;94.51;145.4;138.13;0
25/03/2022;134;115.8;98.6;382.6;11862;348.4;134;115.8;98.6;134;87.1;0;98.6;134;127.3;11.5
26/03/2022;110.9;112.5;81.4;382.6;11862;304.8;110.9;112.5;81.4;112.5;73.125;0;81.4;112.5;106.875;0
27/03/2022;111.1;106.9;81.4;382.6;11862;299.4;111.1;106.9;81.4;111.1;72.215;0;81.4;111.1;105.545;0
28/03/2022;26.5;26.8;19.3;382.6;11862;72.6;26.5;26.8;19.3;26.8;17.42;0;19.3;26.8;25.46;0
29/03/2022;17.6;17.9;12.7;382.6;11862;48.2;17.6;17.9;12.7;17.9;11.635;0;12.7;17.9;17.005;0
30/03/2022;117.5;118.5;85.4;382.6;11862;321.4;117.5;118.5;85.4;118.5;77.025;0;85.4;118.5;112.575;0
31/03/2022;118.1;118.7;86.8;382.6;11862;323.6;118.1;118.7;86.8;118.7;77.155;0;86.8;118.7;112.765;0
01/04/2022;88.5;89.1;65.3;345;10351;242.9;88.5;89.1;65.3;89.1;57.915;0;65.3;89.1;84.645;0
02/04/2022;64.2;65.7;47.5;345;10351;177.4;64.2;65.7;47.5;65.7;42.705;0;47.5;65.7;62.415;0
03/04/2022;116.7;117.4;85.7;345;10351;319.8;116.7;117.4;85.7;117.4;76.31;0;85.7;117.4;111.53;0
04/04/2022;61.5;62.1;45.1;345;10351;168.7;61.5;62.1;45.1;62.1;40.365;0;45.1;62.1;58.995;0
05/04/2022;131.2;132.2;97.1;345;10351;360.5;131.2;132.2;97.1;132.2;85.93;0;97.1;132.2;125.59;0
06/04/2022;122.1;118.3;90.1;345;10351;330.5;122.1;118.3;90.1;122.1;79.365;0;90.1;122.1;115.995;0
07/04/2022;120.7;120.5;88.9;345;10351;330.1;120.7;120.5;88.9;120.7;78.455;0;88.9;120.7;114.665;0
08/04/2022;85.8;86.7;63.3;345;10351;235.8;85.8;86.7;63.3;86.7;56.355;0;63.3;86.7;82.365;0
09/04/2022;115.5;118.4;85.6;345;10351;319.5;115.5;118.4;85.6;118.4;76.96;0;85.6;118.4;112.48;0
10/04/2022;113.6;108.8;84;345;10351;306.4;113.6;108.8;84;113.6;73.84;0;84;113.6;107.92;0
11/04/2022;49.8;51;37;345;10351;137.8;49.8;51;37;51;33.15;0;37;51;48.45;0
12/04/2022;159.5;156.6;41.2;345;10351;357.3;159.5;156.6;41.2;159.5;103.675;62.475;103.675;159.5;151.525;0
13/04/2022;161.4;160.3;0;345;10351;321.7;161.4;160.3;0;161.4;104.91;104.91;104.91;161.4;153.33;0
14/04/2022;162.6;159.3;70.5;345;10351;392.4;162.6;159.3;70.5;162.6;105.69;35.19;105.69;162.6;154.47;0
15/04/2022;151.2;133.6;112.1;345;10351;396.9;151.2;133.6;112.1;151.2;98.28;0;112.1;151.2;143.64;10.04
16/04/2022;127.3;127.1;94.6;345;10351;349;127.3;127.1;94.6;127.3;82.745;0;94.6;127.3;120.935;0
17/04/2022;140.3;139.4;103.8;345;10351;383.5;140.3;139.4;103.8;140.3;91.195;0;103.8;140.3;133.285;0
18/04/2022;147.3;123.3;109.3;345;10351;379.9;147.3;123.3;109.3;147.3;95.745;0;109.3;147.3;139.935;16.635
19/04/2022;104.7;105.5;77.7;345;10351;287.9;104.7;105.5;77.7;105.5;68.575;0;77.7;105.5;100.225;0
20/04/2022;161.4;163.4;53.1;345;10351;377.9;161.4;163.4;53.1;163.4;106.21;53.11;106.21;163.4;155.23;0
21/04/2022;150.5;151.8;0;345;10351;302.3;150.5;151.8;0;151.8;98.67;98.67;98.67;151.8;144.21;0
22/04/2022;87.9;90.9;0;345;10351;178.8;87.9;90.9;0;90.9;59.085;59.085;59.085;90.9;86.355;0
23/04/2022;45.1;46.3;0;345;10351;91.4;45.1;46.3;0;46.3;30.095;30.095;30.095;46.3;43.985;0
24/04/2022;128.7;132.6;0;345;10351;261.3;128.7;132.6;0;132.6;86.19;86.19;86.19;132.6;125.97;0
25/04/2022;120.4;124.8;0;345;10351;245.2;120.4;124.8;0;124.8;81.12;81.12;81.12;124.8;118.56;0
26/04/2022;146.6;150;0;345;10351;296.6;146.6;150;0;150;97.5;97.5;97.5;150;142.5;0
27/04/2022;151.8;147.7;97.4;345;10351;396.9;151.8;147.7;97.4;151.8;98.67;1.27;98.67;151.8;144.21;0
28/04/2022;124.9;131.4;93.4;345;10351;349.7;124.9;131.4;93.4;131.4;85.41;0;93.4;131.4;124.83;0
29/04/2022;121.1;124.9;90.8;345;10351;336.8;121.1;124.9;90.8;124.9;81.185;0;90.8;124.9;118.655;0
30/04/2022;143.4;148.8;107.2;345;10351;399.4;143.4;148.8;107.2;148.8;96.72;0;107.2;148.8;141.36;0
01/05/2022;159.9;167.9;119.1;356.9;11064;446.9;159.9;167.9;119.1;167.9;109.135;0;119.1;167.9;159.505;0
02/05/2022;117.1;126.1;85.6;356.9;11064;328.8;117.1;126.1;85.6;126.1;81.965;0;85.6;126.1;119.795;2.695
03/05/2022;132.7;133.6;95.1;356.9;11064;361.4;132.7;133.6;95.1;133.6;86.84;0;95.1;133.6;126.92;0
04/05/2022;102.1;109;76.2;356.9;11064;287.3;102.1;109;76.2;109;70.85;0;76.2;109;103.55;1.45
05/05/2022;101.3;107.1;75.3;356.9;11064;283.7;101.3;107.1;75.3;107.1;69.615;0;75.3;107.1;101.745;0.445
06/05/2022;70.7;74;52.8;356.9;11064;197.5;70.7;74;52.8;74;48.1;0;52.8;74;70.3;0
07/05/2022;131.9;131.1;95.6;356.9;11064;358.6;131.9;131.1;95.6;131.9;85.735;0;95.6;131.9;125.305;0
08/05/2022;67.1;70.7;50;356.9;11064;187.8;67.1;70.7;50;70.7;45.955;0;50;70.7;67.165;0.065
09/05/2022;74;77.8;55.6;356.9;11064;207.4;74;77.8;55.6;77.8;50.57;0;55.6;77.8;73.91;0
10/05/2022;59.7;62.8;44.9;356.9;11064;167.4;59.7;62.8;44.9;62.8;40.82;0;44.9;62.8;59.66;0
11/05/2022;76.9;81.1;57.2;356.9;11064;215.2;76.9;81.1;57.2;81.1;52.715;0;57.2;81.1;77.045;0.145
12/05/2022;134;137.8;95.8;356.9;11064;367.6;134;137.8;95.8;137.8;89.57;0;95.8;137.8;130.91;0
13/05/2022;85.1;88.6;61.6;356.9;11064;235.3;85.1;88.6;61.6;88.6;57.59;0;61.6;88.6;84.17;0
14/05/2022;127.5;130.1;89.3;356.9;11064;346.9;127.5;130.1;89.3;130.1;84.565;0;89.3;130.1;123.595;0
15/05/2022;37.6;41.4;27.7;356.9;11064;106.7;37.6;41.4;27.7;41.4;26.91;0;27.7;41.4;39.33;1.73
16/05/2022;120.1;123.3;86.9;356.9;11064;330.3;120.1;123.3;86.9;123.3;80.145;0;86.9;123.3;117.135;0
17/05/2022;131.1;130.3;91.8;356.9;11064;353.2;131.1;130.3;91.8;131.1;85.215;0;91.8;131.1;124.545;0
18/05/2022;95.3;98.8;69.9;356.9;11064;264;95.3;98.8;69.9;98.8;64.22;0;69.9;98.8;93.86;0
19/05/2022;142.5;146.4;60.8;356.9;11064;349.7;142.5;146.4;60.8;146.4;95.16;34.36;95.16;146.4;139.08;0
20/05/2022;141.1;146;0;356.9;11064;287.1;141.1;146;0;146;94.9;94.9;94.9;146;138.7;0
21/05/2022;123.6;126.6;0;356.9;11064;250.2;123.6;126.6;0;126.6;82.29;82.29;82.29;126.6;120.27;0
22/05/2022;110.1;115.3;0;356.9;11064;225.4;110.1;115.3;0;115.3;74.945;74.945;74.945;115.3;109.535;0
23/05/2022;112.7;119.5;0;356.9;11064;232.2;112.7;119.5;0;119.5;77.675;77.675;77.675;119.5;113.525;0.825
24/05/2022;66.2;69.9;0;356.9;11064;136.1;66.2;69.9;0;69.9;45.435;45.435;45.435;69.9;66.405;0.205
25/05/2022;126.4;130.8;77.2;356.9;11064;334.4;126.4;130.8;77.2;130.8;85.02;7.82;85.02;130.8;124.26;0
26/05/2022;111.5;117.5;79.5;356.9;11064;308.5;111.5;117.5;79.5;117.5;76.375;0;79.5;117.5;111.625;0.125
27/05/2022;114.8;116.9;80.3;356.9;11064;312;114.8;116.9;80.3;116.9;75.985;0;80.3;116.9;111.055;0
28/05/2022;71.8;76.5;53.2;356.9;11064;201.5;71.8;76.5;53.2;76.5;49.725;0;53.2;76.5;72.675;0.875
29/05/2022;138.7;146.5;99.3;356.9;11064;384.5;138.7;146.5;99.3;146.5;95.225;0;99.3;146.5;139.175;0.475
30/05/2022;83.9;87.7;60.9;356.9;11064;232.5;83.9;87.7;60.9;87.7;57.005;0;60.9;87.7;83.315;0
31/05/2022;137.5;145.3;43.5;356.9;11064;326.3;137.5;145.3;43.5;145.3;94.445;50.945;94.445;145.3;138.035;0.535
01/06/2022;75.1;77.8;0;368.8;11064;152.9;75.1;77.8;0;77.8;50.57;50.57;50.57;77.8;73.91;0
02/06/2022;55.1;56.7;0;368.8;11064;111.8;55.1;56.7;0;56.7;36.855;36.855;36.855;56.7;53.865;0
03/06/2022;118.1;124.6;35.4;368.8;11064;278.1;118.1;124.6;35.4;124.6;80.99;45.59;80.99;124.6;118.37;0.27
04/06/2022;82.6;87.4;61.2;368.8;11064;231.2;82.6;87.4;61.2;87.4;56.81;0;61.2;87.4;83.03;0.43
05/06/2022;92.7;97.4;68;368.8;11064;258.1;92.7;97.4;68;97.4;63.31;0;68;97.4;92.53;0
06/06/2022;129;135.9;91.6;368.8;11064;356.5;129;135.9;91.6;135.9;88.335;0;91.6;135.9;129.105;0.105
07/06/2022;108.1;113.1;76.5;368.8;11064;297.7;108.1;113.1;76.5;113.1;73.515;0;76.5;113.1;107.445;0
08/06/2022;117.8;122;85;368.8;11064;324.8;117.8;122;85;122;79.3;0;85;122;115.9;0
09/06/2022;131;135.5;92.4;368.8;11064;358.9;131;135.5;92.4;135.5;88.075;0;92.4;135.5;128.725;0
10/06/2022;131.9;137.9;93.7;368.8;11064;363.5;131.9;137.9;93.7;137.9;89.635;0;93.7;137.9;131.005;0
11/06/2022;138.6;146.4;53.8;368.8;11064;338.8;138.6;146.4;53.8;146.4;95.16;41.36;95.16;146.4;139.08;0.48
12/06/2022;133.5;140.9;0;368.8;11064;274.4;133.5;140.9;0;140.9;91.585;91.585;91.585;140.9;133.855;0.355
13/06/2022;150.2;162.4;0;368.8;11064;312.6;150.2;162.4;0;162.4;105.56;105.56;105.56;162.4;154.28;4.08
14/06/2022;144;152.8;0;368.8;11064;296.8;144;152.8;0;152.8;99.32;99.32;99.32;152.8;145.16;1.16
15/06/2022;141.2;148.8;0;368.8;11064;290;141.2;148.8;0;148.8;96.72;96.72;96.72;148.8;141.36;0.16
16/06/2022;113.5;120;0;368.8;11064;233.5;113.5;120;0;120;78;78;78;120;114;0.5
17/06/2022;125.2;132.6;74.8;368.8;11064;332.6;125.2;132.6;74.8;132.6;86.19;11.39;86.19;132.6;125.97;0.77
18/06/2022;124.9;133.7;91;368.8;11064;349.6;124.9;133.7;91;133.7;86.905;0;91;133.7;127.015;2.115
19/06/2022;133.8;142.9;97.2;368.8;11064;373.9;133.8;142.9;97.2;142.9;92.885;0;97.2;142.9;135.755;1.955
20/06/2022;118.1;124.7;84.6;368.8;11064;327.4;118.1;124.7;84.6;124.7;81.055;0;84.6;124.7;118.465;0.365
21/06/2022;119.8;127.5;87.1;368.8;11064;334.4;119.8;127.5;87.1;127.5;82.875;0;87.1;127.5;121.125;1.325
22/06/2022;85.3;91.2;63.9;368.8;11064;240.4;85.3;91.2;63.9;91.2;59.28;0;63.9;91.2;86.64;1.34
23/06/2022;93.6;99.8;69.4;368.8;11064;262.8;93.6;99.8;69.4;99.8;64.87;0;69.4;99.8;94.81;1.21
24/06/2022;113.9;120.7;81.6;368.8;11064;316.2;113.9;120.7;81.6;120.7;78.455;0;81.6;120.7;114.665;0.765
25/06/2022;148.7;163.9;48.8;368.8;11064;361.4;148.7;163.9;48.8;163.9;106.535;57.735;106.535;163.9;155.705;7.005
26/06/2022;108.7;114.5;0;368.8;11064;223.2;108.7;114.5;0;114.5;74.425;74.425;74.425;114.5;108.775;0.075
27/06/2022;131.1;141.7;0;368.8;11064;272.8;131.1;141.7;0;141.7;92.105;92.105;92.105;141.7;134.615;3.515
28/06/2022;104.3;111.7;0;368.8;11064;216;104.3;111.7;0;111.7;72.605;72.605;72.605;111.7;106.115;1.815
29/06/2022;89.4;94.4;51.8;368.8;11064;235.6;89.4;94.4;51.8;94.4;61.36;9.56;61.36;94.4;89.68;0.28
30/06/2022;147.2;160.4;109.1;368.8;11064;416.7;147.2;160.4;109.1;160.4;104.26;0;109.1;160.4;152.38;5.18
01/07/2022;113.2;117.7;80.8;369.1;11442;311.7;113.2;117.7;80.8;117.7;76.505;0;80.8;117.7;111.815;0
02/07/2022;105.2;110.5;77.8;369.1;11442;293.5;105.2;110.5;77.8;110.5;71.825;0;77.8;110.5;104.975;0
03/07/2022;100.9;109.1;75.1;369.1;11442;285.1;100.9;109.1;75.1;109.1;70.915;0;75.1;109.1;103.645;2.745
04/07/2022;118.1;125;85.8;369.1;11442;328.9;118.1;125;85.8;125;81.25;0;85.8;125;118.75;0.65
05/07/2022;95.1;101.5;70.1;369.1;11442;266.7;95.1;101.5;70.1;101.5;65.975;0;70.1;101.5;96.425;1.325
06/07/2022;78;81.7;57.7;369.1;11442;217.4;78;81.7;57.7;81.7;53.105;0;57.7;81.7;77.615;0
07/07/2022;122.5;131;89.7;369.1;11442;343.2;122.5;131;89.7;131;85.15;0;89.7;131;124.45;1.95
08/07/2022;110.6;116.7;78;369.1;11442;305.3;110.6;116.7;78;116.7;75.855;0;78;116.7;110.865;0.265
09/07/2022;136.5;148.6;37.1;369.1;11442;322.2;136.5;148.6;37.1;148.6;96.59;59.49;96.59;148.6;141.17;4.67
10/07/2022;132.7;139.4;0;369.1;11442;272.1;132.7;139.4;0;139.4;90.61;90.61;90.61;139.4;132.43;0
11/07/2022;122.8;132.2;85.8;369.1;11442;340.8;122.8;132.2;85.8;132.2;85.93;0.13;85.93;132.2;125.59;2.79
12/07/2022;139;148.2;101;369.1;11442;388.2;139;148.2;101;148.2;96.33;0;101;148.2;140.79;1.79
13/07/2022;104.9;110.9;50.8;369.1;11442;266.6;104.9;110.9;50.8;110.9;72.085;21.285;72.085;110.9;105.355;0.455
14/07/2022;131.7;143.2;88.2;369.1;11442;363.1;131.7;143.2;88.2;143.2;93.08;4.88;93.08;143.2;136.04;4.34
15/07/2022;94.7;102.2;71.5;369.1;11442;268.4;94.7;102.2;71.5;102.2;66.43;0;71.5;102.2;97.09;2.39
16/07/2022;135.8;147.1;98.6;369.1;11442;381.5;135.8;147.1;98.6;147.1;95.615;0;98.6;147.1;139.745;3.945
17/07/2022;103.2;111.3;76;369.1;11442;290.5;103.2;111.3;76;111.3;72.345;0;76;111.3;105.735;2.535
18/07/2022;150.2;164.9;31.7;369.1;11442;346.8;150.2;164.9;31.7;164.9;107.185;75.485;107.185;164.9;156.655;6.455
19/07/2022;137.7;148.5;93.1;369.1;11442;379.3;137.7;148.5;93.1;148.5;96.525;3.425;96.525;148.5;141.075;3.375
20/07/2022;137.7;146.3;99.1;369.1;11442;383.1;137.7;146.3;99.1;146.3;95.095;0;99.1;146.3;138.985;1.285
21/07/2022;91.2;95.3;65.5;369.1;11442;252;91.2;95.3;65.5;95.3;61.945;0;65.5;95.3;90.535;0
22/07/2022;109.6;115.9;78.6;369.1;11442;304.1;109.6;115.9;78.6;115.9;75.335;0;78.6;115.9;110.105;0.505
23/07/2022;133.8;128.9;97.8;369.1;11442;360.5;133.8;128.9;97.8;133.8;86.97;0;97.8;133.8;127.11;0
24/07/2022;125.8;135.9;49.7;369.1;11442;311.4;125.8;135.9;49.7;135.9;88.335;38.635;88.335;135.9;129.105;3.305
25/07/2022;133.1;146.6;92.1;369.1;11442;371.8;133.1;146.6;92.1;146.6;95.29;3.19;95.29;146.6;139.27;6.17
26/07/2022;147.9;162.1;59.1;369.1;11442;369.1;147.9;162.1;59.1;162.1;105.365;46.265;105.365;162.1;153.995;6.095
27/07/2022;122.2;131.3;85.2;369.1;11442;338.7;122.2;131.3;85.2;131.3;85.345;0.145;85.345;131.3;124.735;2.535
28/07/2022;131.4;141.4;95.8;369.1;11442;368.6;131.4;141.4;95.8;141.4;91.91;0;95.8;141.4;134.33;2.93
29/07/2022;142.2;154.2;105.4;369.1;11442;401.8;142.2;154.2;105.4;154.2;100.23;0;105.4;154.2;146.49;4.29
30/07/2022;46.4;49.7;34.9;369.1;11442;131;46.4;49.7;34.9;49.7;32.305;0;34.9;49.7;47.215;0.815
31/07/2022;147.3;154.3;34.3;369.1;11442;335.9;147.3;154.3;34.3;154.3;100.295;65.995;100.295;154.3;146.585;0
01/08/2022;134.3;141.2;89.2;391.5;12135;364.7;134.3;141.2;89.2;141.2;91.78;2.58;91.78;141.2;134.14;0
02/08/2022;140.8;150.3;101.7;391.5;12135;392.8;140.8;150.3;101.7;150.3;97.695;0;101.7;150.3;142.785;1.985
03/08/2022;111.8;115.2;80.4;391.5;12135;307.4;111.8;115.2;80.4;115.2;74.88;0;80.4;115.2;109.44;0
04/08/2022;132.2;138.5;93.5;391.5;12135;364.2;132.2;138.5;93.5;138.5;90.025;0;93.5;138.5;131.575;0
05/08/2022;137.1;143.9;97.4;391.5;12135;378.4;137.1;143.9;97.4;143.9;93.535;0;97.4;143.9;136.705;0
06/08/2022;160.9;172.4;116.1;391.5;12135;449.4;160.9;172.4;116.1;172.4;112.06;0;116.1;172.4;163.78;2.88
07/08/2022;138.4;147.8;44.7;391.5;12135;330.9;138.4;147.8;44.7;147.8;96.07;51.37;96.07;147.8;140.41;2.01
08/08/2022;159.8;169.5;109.3;391.5;12135;438.6;159.8;169.5;109.3;169.5;110.175;0.875;110.175;169.5;161.025;1.225
09/08/2022;136.5;143.3;98.9;391.5;12135;378.7;136.5;143.3;98.9;143.3;93.145;0;98.9;143.3;136.135;0
10/08/2022;151.6;157.1;107.6;391.5;12135;416.3;151.6;157.1;107.6;157.1;102.115;0;107.6;157.1;149.245;0
11/08/2022;149.8;153.7;106.5;391.5;12135;410;149.8;153.7;106.5;153.7;99.905;0;106.5;153.7;146.015;0
12/08/2022;135.6;141.3;97.5;391.5;12135;374.4;135.6;141.3;97.5;141.3;91.845;0;97.5;141.3;134.235;0
13/08/2022;134.5;140.6;96.9;391.5;12135;372;134.5;140.6;96.9;140.6;91.39;0;96.9;140.6;133.57;0
14/08/2022;149.9;159.4;109.9;391.5;12135;419.2;149.9;159.4;109.9;159.4;103.61;0;109.9;159.4;151.43;1.53
15/08/2022;161.6;174.5;117.2;391.5;12135;453.3;161.6;174.5;117.2;174.5;113.425;0;117.2;174.5;165.775;4.175
16/08/2022;161.9;159.5;117;391.5;12135;438.4;161.9;159.5;117;161.9;105.235;0;117;161.9;153.805;0
17/08/2022;159;164;114.2;391.5;12135;437.2;159;164;114.2;164;106.6;0;114.2;164;155.8;0
18/08/2022;159;170.1;115.9;391.5;12135;445;159;170.1;115.9;170.1;110.565;0;115.9;170.1;161.595;2.595
19/08/2022;160.4;172.7;30.5;391.5;12135;363.6;160.4;172.7;30.5;172.7;112.255;81.755;112.255;172.7;164.065;3.665
20/08/2022;159.7;169.9;0;391.5;12135;329.6;159.7;169.9;0;169.9;110.435;110.435;110.435;169.9;161.405;1.705
21/08/2022;161.4;173.6;0;391.5;12135;335;161.4;173.6;0;173.6;112.84;112.84;112.84;173.6;164.92;3.52
22/08/2022;159.2;170.2;111.5;391.5;12135;440.9;159.2;170.2;111.5;170.2;110.63;0;111.5;170.2;161.69;2.49
23/08/2022;133.6;136.8;97.7;391.5;12135;368.1;133.6;136.8;97.7;136.8;88.92;0;97.7;136.8;129.96;0
24/08/2022;108.7;112.7;79.9;391.5;12135;301.3;108.7;112.7;79.9;112.7;73.255;0;79.9;112.7;107.065;0
25/08/2022;153.8;166;54.7;391.5;12135;374.5;153.8;166;54.7;166;107.9;53.2;107.9;166;157.7;3.9
26/08/2022;162.2;175.1;112.2;391.5;12135;449.5;162.2;175.1;112.2;175.1;113.815;1.615;113.815;175.1;166.345;4.145
27/08/2022;160.3;172.6;117;391.5;12135;449.9;160.3;172.6;117;172.6;112.19;0;117;172.6;163.97;3.67
28/08/2022;158.1;170.1;47.2;391.5;12135;375.4;158.1;170.1;47.2;170.1;110.565;63.365;110.565;170.1;161.595;3.495
29/08/2022;158.9;171.3;111.7;391.5;12135;441.9;158.9;171.3;111.7;171.3;111.345;0;111.7;171.3;162.735;3.835
30/08/2022;159.5;172.3;116.4;391.5;12135;448.2;159.5;172.3;116.4;172.3;111.995;0;116.4;172.3;163.685;4.185
31/08/2022;161.6;173.3;43.7;391.5;12135;378.6;161.6;173.3;43.7;173.3;112.645;68.945;112.645;173.3;164.635;3.035
01/09/2022;151.9;161.1;104.8;417.8;12534;417.8;151.9;161.1;104.8;161.1;104.715;0;104.8;161.1;153.045;1.145
02/09/2022;159.3;169.6;115.3;417.8;12534;444.2;159.3;169.6;115.3;169.6;110.24;0;115.3;169.6;161.12;1.82
03/09/2022;137.7;140.2;45.5;417.8;12534;323.4;137.7;140.2;45.5;140.2;91.13;45.63;91.13;140.2;133.19;0
04/09/2022;142.6;149.3;0;417.8;12534;291.9;142.6;149.3;0;149.3;97.045;97.045;97.045;149.3;141.835;0
05/09/2022;164.3;171.7;113.1;417.8;12534;449.1;164.3;171.7;113.1;171.7;111.605;0;113.1;171.7;163.115;0
06/09/2022;130.4;134;93.7;417.8;12534;358.1;130.4;134;93.7;134;87.1;0;93.7;134;127.3;0
07/09/2022;166.2;174.1;57.8;417.8;12534;398.1;166.2;174.1;57.8;174.1;113.165;55.365;113.165;174.1;165.395;0
08/09/2022;167.4;175.1;113.4;417.8;12534;455.9;167.4;175.1;113.4;175.1;113.815;0.415;113.815;175.1;166.345;0
09/09/2022;160.8;167.8;114.7;417.8;12534;443.3;160.8;167.8;114.7;167.8;109.07;0;114.7;167.8;159.41;0
10/09/2022;157.7;162.6;31;417.8;12534;351.3;157.7;162.6;31;162.6;105.69;74.69;105.69;162.6;154.47;0
11/09/2022;116.9;118.8;0;417.8;12534;235.7;116.9;118.8;0;118.8;77.22;77.22;77.22;118.8;112.86;0
12/09/2022;153.2;158.1;104.9;417.8;12534;416.2;153.2;158.1;104.9;158.1;102.765;0;104.9;158.1;150.195;0
13/09/2022;132.9;135.3;93.9;417.8;12534;362.1;132.9;135.3;93.9;135.3;87.945;0;93.9;135.3;128.535;0
14/09/2022;135;138.4;31.6;417.8;12534;305;135;138.4;31.6;138.4;89.96;58.36;89.96;138.4;131.48;0
15/09/2022;137.9;140.8;92.8;417.8;12534;371.5;137.9;140.8;92.8;140.8;91.52;0;92.8;140.8;133.76;0
16/09/2022;137.6;135;95.3;417.8;12534;367.9;137.6;135;95.3;137.6;89.44;0;95.3;137.6;130.72;0
17/09/2022;152.3;152.3;104.1;417.8;12534;408.7;152.3;152.3;104.1;152.3;98.995;0;104.1;152.3;144.685;0
18/09/2022;140.2;141;98.7;417.8;12534;379.9;140.2;141;98.7;141;91.65;0;98.7;141;133.95;0
19/09/2022;161.8;160;109.7;417.8;12534;431.5;161.8;160;109.7;161.8;105.17;0;109.7;161.8;153.71;0
20/09/2022;165.2;165.4;113.6;417.8;12534;444.2;165.2;165.4;113.6;165.4;107.51;0;113.6;165.4;157.13;0
21/09/2022;112.4;115.2;67.1;417.8;12534;294.7;112.4;115.2;67.1;115.2;74.88;7.78;74.88;115.2;109.44;0
22/09/2022;169.3;174.6;110.5;417.8;12534;454.4;169.3;174.6;110.5;174.6;113.49;2.99;113.49;174.6;165.87;0
23/09/2022;156.1;160.1;103.2;417.8;12534;419.4;156.1;160.1;103.2;160.1;104.065;0.865;104.065;160.1;152.095;0
24/09/2022;153.4;157.2;46.1;417.8;12534;356.7;153.4;157.2;46.1;157.2;102.18;56.08;102.18;157.2;149.34;0
25/09/2022;143.8;146.5;0;417.8;12534;290.3;143.8;146.5;0;146.5;95.225;95.225;95.225;146.5;139.175;0
26/09/2022;156.5;160.8;0;417.8;12534;317.3;156.5;160.8;0;160.8;104.52;104.52;104.52;160.8;152.76;0
27/09/2022;153.9;157.2;0;417.8;12534;311.1;153.9;157.2;0;157.2;102.18;102.18;102.18;157.2;149.34;0
28/09/2022;158.1;162.7;0;417.8;12534;320.8;158.1;162.7;0;162.7;105.755;105.755;105.755;162.7;154.565;0
29/09/2022;163.9;168.6;0;417.8;12534;332.5;163.9;168.6;0;168.6;109.59;109.59;109.59;168.6;160.17;0
30/09/2022;149.9;153.3;100.3;417.8;12534;403.5;149.9;153.3;100.3;153.3;99.645;0;100.3;153.3;145.635;0
01/10/2022;168.4;172.5;109.9;424.6;13164;450.8;168.4;172.5;109.9;172.5;112.125;2.225;112.125;172.5;163.875;0
02/10/2022;170.4;175.6;39.9;424.6;13164;385.9;170.4;175.6;39.9;175.6;114.14;74.24;114.14;175.6;166.82;0
03/10/2022;162.7;167;96.3;424.6;13164;426;162.7;167;96.3;167;108.55;12.25;108.55;167;158.65;0
04/10/2022;154.7;158.7;101;424.6;13164;414.4;154.7;158.7;101;158.7;103.155;2.155;103.155;158.7;150.765;0
05/10/2022;159.4;163.6;105.1;424.6;13164;428.1;159.4;163.6;105.1;163.6;106.34;1.24;106.34;163.6;155.42;0
06/10/2022;167.9;173;33.3;424.6;13164;374.2;167.9;173;33.3;173;112.45;79.15;112.45;173;164.35;0
07/10/2022;169.1;174.6;103.6;424.6;13164;447.3;169.1;174.6;103.6;174.6;113.49;9.89;113.49;174.6;165.87;0
08/10/2022;159;161;52.5;424.6;13164;372.5;159;161;52.5;161;104.65;52.15;104.65;161;152.95;0
09/10/2022;126.9;128.7;0;424.6;13164;255.6;126.9;128.7;0;128.7;83.655;83.655;83.655;128.7;122.265;0
10/10/2022;154.7;158.1;93;424.6;13164;405.8;154.7;158.1;93;158.1;102.765;9.765;102.765;158.1;150.195;0
11/10/2022;175.3;180.5;115.8;424.6;13164;471.6;175.3;180.5;115.8;180.5;117.325;1.525;117.325;180.5;171.475;0
12/10/2022;171.3;176.5;47.6;424.6;13164;395.4;171.3;176.5;47.6;176.5;114.725;67.125;114.725;176.5;167.675;0
13/10/2022;147.8;149.8;90.6;424.6;13164;388.2;147.8;149.8;90.6;149.8;97.37;6.77;97.37;149.8;142.31;0
14/10/2022;153.9;156.3;100.7;424.6;13164;410.9;153.9;156.3;100.7;156.3;101.595;0.895;101.595;156.3;148.485;0
15/10/2022;161.6;165.8;52.1;424.6;13164;379.5;161.6;165.8;52.1;165.8;107.77;55.67;107.77;165.8;157.51;0
16/10/2022;170.4;175.1;0;424.6;13164;345.5;170.4;175.1;0;175.1;113.815;113.815;113.815;175.1;166.345;0
17/10/2022;150.3;153;88.3;424.6;13164;391.6;150.3;153;88.3;153;99.45;11.15;99.45;153;145.35;0
18/10/2022;162;166.8;106.7;424.6;13164;435.5;162;166.8;106.7;166.8;108.42;1.72;108.42;166.8;158.46;0
19/10/2022;165.7;169.6;108.5;424.6;13164;443.8;165.7;169.6;108.5;169.6;110.24;1.74;110.24;169.6;161.12;0
20/10/2022;167.1;172.1;105.3;424.6;13164;444.5;167.1;172.1;105.3;172.1;111.865;6.565;111.865;172.1;163.495;0
21/10/2022;172.9;178.6;113.2;424.6;13164;464.7;172.9;178.6;113.2;178.6;116.09;2.89;116.09;178.6;169.67;0
22/10/2022;102.3;101.6;71.3;424.6;13164;275.2;102.3;101.6;71.3;102.3;66.495;0;71.3;102.3;97.185;0
23/10/2022;130.9;131.2;88.9;424.6;13164;351;130.9;131.2;88.9;131.2;85.28;0;88.9;131.2;124.64;0
24/10/2022;123;123.1;83.5;424.6;13164;329.6;123;123.1;83.5;123.1;80.015;0;83.5;123.1;116.945;0
25/10/2022;137;138.4;91.2;424.6;13164;366.6;137;138.4;91.2;138.4;89.96;0;91.2;138.4;131.48;0
26/10/2022;148.1;149;55.3;424.6;13164;352.4;148.1;149;55.3;149;96.85;41.55;96.85;149;141.55;0
27/10/2022;164.3;167.7;107.8;424.6;13164;439.8;164.3;167.7;107.8;167.7;109.005;1.205;109.005;167.7;159.315;0
28/10/2022;162.4;164.7;106.3;424.6;13164;433.4;162.4;164.7;106.3;164.7;107.055;0.755;107.055;164.7;156.465;0
29/10/2022;143.9;144.4;49.1;424.6;13164;337.4;143.9;144.4;49.1;144.4;93.86;44.76;93.86;144.4;137.18;0
30/10/2022;163.7;167.6;0;424.6;13164;331.3;163.7;167.6;0;167.6;108.94;108.94;108.94;167.6;159.22;0
31/10/2022;172.1;177.6;102.8;424.6;13164;452.5;172.1;177.6;102.8;177.6;115.44;12.64;115.44;177.6;168.72;0
01/11/2022;156.5;160;103.9;446.5;13395;420.4;156.5;160;103.9;160;104;0.1;104;160;152;0
02/11/2022;0;0;0;446.5;13395;0;0;0;0;0;0;0;0;0;0;0
03/11/2022;133;133.9;93.2;446.5;13395;360.1;133;133.9;93.2;133.9;87.035;0;93.2;133.9;127.205;0
04/11/2022;144.4;147.2;87.3;446.5;13395;378.9;144.4;147.2;87.3;147.2;95.68;8.38;95.68;147.2;139.84;0
05/11/2022;165.7;169.8;108.6;446.5;13395;444.1;165.7;169.8;108.6;169.8;110.37;1.77;110.37;169.8;161.31;0
06/11/2022;126.5;127.4;52.1;446.5;13395;306;126.5;127.4;52.1;127.4;82.81;30.71;82.81;127.4;121.03;0
07/11/2022;146.9;149.2;96;446.5;13395;392.1;146.9;149.2;96;149.2;96.98;0.98;96.98;149.2;141.74;0
08/11/2022;166;170.7;67.3;446.5;13395;404;166;170.7;67.3;170.7;110.955;43.655;110.955;170.7;162.165;0
09/11/2022;172;176.5;82.9;446.5;13395;431.4;172;176.5;82.9;176.5;114.725;31.825;114.725;176.5;167.675;0
10/11/2022;180.4;178.9;0;446.5;13395;359.3;180.4;178.9;0;180.4;117.26;117.26;117.26;180.4;171.38;0
11/11/2022;152;149.9;0;446.5;13395;301.9;152;149.9;0;152;98.8;98.8;98.8;152;144.4;0
12/11/2022;149.7;148.2;0;446.5;13395;297.9;149.7;148.2;0;149.7;97.305;97.305;97.305;149.7;142.215;0
13/11/2022;117.4;115.9;0;446.5;13395;233.3;117.4;115.9;0;117.4;76.31;76.31;76.31;117.4;111.53;0
14/11/2022;98.3;97.7;0;446.5;13395;196;98.3;97.7;0;98.3;63.895;63.895;63.895;98.3;93.385;0
15/11/2022;187.1;187;0;446.5;13395;374.1;187.1;187;0;187.1;121.615;121.615;121.615;187.1;177.745;0
16/11/2022;160.5;158.8;0;446.5;13395;319.3;160.5;158.8;0;160.5;104.325;104.325;104.325;160.5;152.475;0
17/11/2022;179.1;177.5;0;446.5;13395;356.6;179.1;177.5;0;179.1;116.415;116.415;116.415;179.1;170.145;0
18/11/2022;172.6;171.6;0;446.5;13395;344.2;172.6;171.6;0;172.6;112.19;112.19;112.19;172.6;163.97;0
19/11/2022;154.5;154;0;446.5;13395;308.5;154.5;154;0;154.5;100.425;100.425;100.425;154.5;146.775;0
20/11/2022;164.4;162.3;0;446.5;13395;326.7;164.4;162.3;0;164.4;106.86;106.86;106.86;164.4;156.18;0
21/11/2022;162.3;160.3;0;446.5;13395;322.6;162.3;160.3;0;162.3;105.495;105.495;105.495;162.3;154.185;0
22/11/2022;166.7;165.3;0;446.5;13395;332;166.7;165.3;0;166.7;108.355;108.355;108.355;166.7;158.365;0
23/11/2022;150.2;147.8;0;446.5;13395;298;150.2;147.8;0;150.2;97.63;97.63;97.63;150.2;142.69;0
24/11/2022;171.8;172;0;446.5;13395;343.8;171.8;172;0;172;111.8;111.8;111.8;172;163.4;0
25/11/2022;182.3;181.2;0;446.5;13395;363.5;182.3;181.2;0;182.3;118.495;118.495;118.495;182.3;173.185;0
26/11/2022;175.8;175.2;0;446.5;13395;351;175.8;175.2;0;175.8;114.27;114.27;114.27;175.8;167.01;0
27/11/2022;155.4;153.4;0;446.5;13395;308.8;155.4;153.4;0;155.4;101.01;101.01;101.01;155.4;147.63;0
28/11/2022;158;158.1;0;446.5;13395;316.1;158;158.1;0;158.1;102.765;102.765;102.765;158.1;150.195;0
29/11/2022;163.7;163.5;0;446.5;13395;327.2;163.7;163.5;0;163.7;106.405;106.405;106.405;163.7;155.515;0
30/11/2022;106.6;106.8;0;446.5;13395;213.4;106.6;106.8;0;106.8;69.42;69.42;69.42;106.8;101.46;0
01/12/2022;73.4;74;0;411.8;12765;147.4;73.4;74;0;74;48.1;48.1;48.1;74;70.3;0
02/12/2022;173.3;170;0;411.8;12765;343.3;173.3;170;0;173.3;112.645;112.645;112.645;173.3;164.635;0
03/12/2022;165.9;162.7;0;411.8;12765;328.6;165.9;162.7;0;165.9;107.835;107.835;107.835;165.9;157.605;0
04/12/2022;175.6;173.3;0;411.8;12765;348.9;175.6;173.3;0;175.6;114.14;114.14;114.14;175.6;166.82;0
05/12/2022;174.2;172;0;411.8;12765;346.2;174.2;172;0;174.2;113.23;113.23;113.23;174.2;165.49;0
06/12/2022;155.6;154.1;0;411.8;12765;309.7;155.6;154.1;0;155.6;101.14;101.14;101.14;155.6;147.82;0
07/12/2022;168.9;166.2;0;411.8;12765;335.1;168.9;166.2;0;168.9;109.785;109.785;109.785;168.9;160.455;0
08/12/2022;170.9;168.2;0;411.8;12765;339.1;170.9;168.2;0;170.9;111.085;111.085;111.085;170.9;162.355;0
09/12/2022;161.2;159.6;0;411.8;12765;320.8;161.2;159.6;0;161.2;104.78;104.78;104.78;161.2;153.14;0
10/12/2022;163.1;161.5;0;411.8;12765;324.6;163.1;161.5;0;163.1;106.015;106.015;106.015;163.1;154.945;0
11/12/2022;162.5;160.5;0;411.8;12765;323;162.5;160.5;0;162.5;105.625;105.625;105.625;162.5;154.375;0
12/12/2022;166.4;162.3;0;411.8;12765;328.7;166.4;162.3;0;166.4;108.16;108.16;108.16;166.4;158.08;0
13/12/2022;172.5;167.6;0;411.8;12765;340.1;172.5;167.6;0;172.5;112.125;112.125;112.125;172.5;163.875;0
14/12/2022;136.3;130.8;0;411.8;12765;267.1;136.3;130.8;0;136.3;88.595;88.595;88.595;136.3;129.485;0
15/12/2022;148.8;143.9;0;411.8;12765;292.7;148.8;143.9;0;148.8;96.72;96.72;96.72;148.8;141.36;0
16/12/2022;165.8;160.8;0;411.8;12765;326.6;165.8;160.8;0;165.8;107.77;107.77;107.77;165.8;157.51;0
17/12/2022;140.6;137.3;0;411.8;12765;277.9;140.6;137.3;0;140.6;91.39;91.39;91.39;140.6;133.57;0
18/12/2022;169.3;165;0;411.8;12765;334.3;169.3;165;0;169.3;110.045;110.045;110.045;169.3;160.835;0
19/12/2022;168.2;167.4;0;411.8;12765;335.6;168.2;167.4;0;168.2;109.33;109.33;109.33;168.2;159.79;0
20/12/2022;167.2;167;0;411.8;12765;334.2;167.2;167;0;167.2;108.68;108.68;108.68;167.2;158.84;0
21/12/2022;150.9;150.2;0;411.8;12765;301.1;150.9;150.2;0;150.9;98.085;98.085;98.085;150.9;143.355;0
22/12/2022;143.8;142;0;411.8;12765;285.8;143.8;142;0;143.8;93.47;93.47;93.47;143.8;136.61;0
23/12/2022;93.6;93.6;0;411.8;12765;187.2;93.6;93.6;0;93.6;60.84;60.84;60.84;93.6;88.92;0
24/12/2022;86.2;86.2;0;411.8;12765;172.4;86.2;86.2;0;86.2;56.03;56.03;56.03;86.2;81.89;0
25/12/2022;126;126;0;411.8;12765;252;126;126;0;126;81.9;81.9;81.9;126;119.7;0
26/12/2022;168.8;168.5;0;411.8;12765;337.3;168.8;168.5;0;168.8;109.72;109.72;109.72;168.8;160.36;0
27/12/2022;174.3;173.6;0;411.8;12765;347.9;174.3;173.6;0;174.3;113.295;113.295;113.295;174.3;165.585;0
28/12/2022;165.4;163.2;0;411.8;12765;328.6;165.4;163.2;0;165.4;107.51;107.51;107.51;165.4;157.13;0
29/12/2022;158.8;157;0;411.8;12765;315.8;158.8;157;0;158.8;103.22;103.22;103.22;158.8;150.86;0
30/12/2022;128.5;128.6;0;411.8;12765;257.1;128.5;128.6;0;128.6;83.59;83.59;83.59;128.6;122.17;0
31/12/2022;144.2;144.7;0;411.8;12765;288.9;144.2;144.7;0;144.7;94.055;94.055;94.055;144.7;137.465;0
01/01/2023;150.3;150.1;0;392.8;12177;300.4;150.3;150.1;0;150.3;97.695;97.695;97.695;150.3;142.785;0
02/01/2023;0.4;0.7;0;392.8;12177;1.1;0.4;0.7;0;0.7;0.455;0.455;0.455;0.7;0.665;0.265
03/01/2023;146.3;146.1;0;392.8;12177;292.4;146.3;146.1;0;146.3;95.095;95.095;95.095;146.3;138.985;0
04/01/2023;156.1;155.5;41.9;392.8;12177;353.5;156.1;155.5;41.9;156.1;101.465;59.565;101.465;156.1;148.295;0
05/01/2023;150.7;148.7;99.1;392.8;12177;398.5;150.7;148.7;99.1;150.7;97.955;0;99.1;150.7;143.165;0
06/01/2023;153.4;140.6;111.4;392.8;12177;405.4;153.4;140.6;111.4;153.4;99.71;0;111.4;153.4;145.73;5.13
07/01/2023;171.2;165.9;43.7;392.8;12177;380.8;171.2;165.9;43.7;171.2;111.28;67.58;111.28;171.2;162.64;0
08/01/2023;138.8;139.7;0;392.8;12177;278.5;138.8;139.7;0;139.7;90.805;90.805;90.805;139.7;132.715;0
09/01/2023;152.1;119;101.5;392.8;12177;372.6;152.1;119;101.5;152.1;98.865;0;101.5;152.1;144.495;25.495
10/01/2023;170.2;139.4;88.7;392.8;12177;398.3;170.2;139.4;88.7;170.2;110.63;21.93;110.63;170.2;161.69;22.29
11/01/2023;166.9;129.4;120.1;392.8;12177;416.4;166.9;129.4;120.1;166.9;108.485;0;120.1;166.9;158.555;29.155
12/01/2023;164.7;158.2;32.3;392.8;12177;355.2;164.7;158.2;32.3;164.7;107.055;74.755;107.055;164.7;156.465;0
13/01/2023;156.9;99.7;113.3;392.8;12177;369.9;156.9;99.7;113.3;156.9;101.985;0;113.3;156.9;149.055;49.355
14/01/2023;98.4;94;70.2;392.8;12177;262.6;98.4;94;70.2;98.4;63.96;0;70.2;98.4;93.48;0
15/01/2023;122.4;105.5;52.8;392.8;12177;280.7;122.4;105.5;52.8;122.4;79.56;26.76;79.56;122.4;116.28;10.78
16/01/2023;99.9;96.7;69.1;392.8;12177;265.7;99.9;96.7;69.1;99.9;64.935;0;69.1;99.9;94.905;0
17/01/2023;157.4;146.1;113.3;392.8;12177;416.8;157.4;146.1;113.3;157.4;102.31;0;113.3;157.4;149.53;3.43
18/01/2023;95;96.4;68.6;392.8;12177;260;95;96.4;68.6;96.4;62.66;0;68.6;96.4;91.58;0
19/01/2023;66.2;66.5;48.4;392.8;12177;181.1;66.2;66.5;48.4;66.5;43.225;0;48.4;66.5;63.175;0
20/01/2023;111.4;110.3;81;392.8;12177;302.7;111.4;110.3;81;111.4;72.41;0;81;111.4;105.83;0
21/01/2023;155;134.5;50.8;392.8;12177;340.3;155;134.5;50.8;155;100.75;49.95;100.75;155;147.25;12.75
22/01/2023;145.6;146.3;0;392.8;12177;291.9;145.6;146.3;0;146.3;95.095;95.095;95.095;146.3;138.985;0
23/01/2023;166.2;163.5;114.9;392.8;12177;444.6;166.2;163.5;114.9;166.2;108.03;0;114.9;166.2;157.89;0
24/01/2023;51.2;52.7;37.2;392.8;12177;141.1;51.2;52.7;37.2;52.7;34.255;0;37.2;52.7;50.065;0
25/01/2023;80.9;82.1;59.2;392.8;12177;222.2;80.9;82.1;59.2;82.1;53.365;0;59.2;82.1;77.995;0
26/01/2023;174.4;161.6;82.9;392.8;12177;418.9;174.4;161.6;82.9;174.4;113.36;30.46;113.36;174.4;165.68;4.08
27/01/2023;178.7;165.7;129.6;392.8;12177;474;178.7;165.7;129.6;178.7;116.155;0;129.6;178.7;169.765;4.065
28/01/2023;173.1;175.1;47.3;392.8;12177;395.5;173.1;175.1;47.3;175.1;113.815;66.515;113.815;175.1;166.345;0
29/01/2023;180.6;183;0;392.8;12177;363.6;180.6;183;0;183;118.95;118.95;118.95;183;173.85;0
30/01/2023;128.6;126.7;88.9;392.8;12177;344.2;128.6;126.7;88.9;128.6;83.59;0;88.9;128.6;122.17;0
31/01/2023;144.5;133.7;105.7;392.8;12177;383.9;144.5;133.7;105.7;144.5;93.925;0;105.7;144.5;137.275;3.575
01/02/2023;78.9;80.4;57.8;439.4;12303;217.1;78.9;80.4;57.8;80.4;52.26;0;57.8;80.4;76.38;0
02/02/2023;159.2;153.1;61.4;439.4;12303;373.7;159.2;153.1;61.4;159.2;103.48;42.08;103.48;159.2;151.24;0
03/02/2023;149.5;147.2;88.3;439.4;12303;385;149.5;147.2;88.3;149.5;97.175;8.875;97.175;149.5;142.025;0
04/02/2023;161;131;117;439.4;12303;409;161;131;117;161;104.65;0;117;161;152.95;21.95
05/02/2023;155.1;120.3;46.4;439.4;12303;321.8;155.1;120.3;46.4;155.1;100.815;54.415;100.815;155.1;147.345;27.045
06/02/2023;119.2;109.1;66.4;439.4;12303;294.7;119.2;109.1;66.4;119.2;77.48;11.08;77.48;119.2;113.24;4.14
07/02/2023;119;108.2;86.4;439.4;12303;313.6;119;108.2;86.4;119;77.35;0;86.4;119;113.05;4.85
08/02/2023;159.3;146.6;115.1;439.4;12303;421;159.3;146.6;115.1;159.3;103.545;0;115.1;159.3;151.335;4.735
09/02/2023;84.9;84.3;62.2;439.4;12303;231.4;84.9;84.3;62.2;84.9;55.185;0;62.2;84.9;80.655;0
10/02/2023;154.7;149.7;111.4;439.4;12303;415.8;154.7;149.7;111.4;154.7;100.555;0;111.4;154.7;146.965;0
11/02/2023;156.1;129.5;53.3;439.4;12303;338.9;156.1;129.5;53.3;156.1;101.465;48.165;101.465;156.1;148.295;18.795
12/02/2023;155.1;158.3;0;439.4;12303;313.4;155.1;158.3;0;158.3;102.895;102.895;102.895;158.3;150.385;0
13/02/2023;125.5;105.2;89;439.4;12303;319.7;125.5;105.2;89;125.5;81.575;0;89;125.5;119.225;14.025
14/02/2023;147.9;137.7;107.8;439.4;12303;393.4;147.9;137.7;107.8;147.9;96.135;0;107.8;147.9;140.505;2.805
15/02/2023;61.4;62.1;44.9;439.4;12303;168.4;61.4;62.1;44.9;62.1;40.365;0;44.9;62.1;58.995;0
16/02/2023;44.1;46.3;32.7;439.4;12303;123.1;44.1;46.3;32.7;46.3;30.095;0;32.7;46.3;43.985;0
17/02/2023;146.3;109;106.9;439.4;12303;362.2;146.3;109;106.9;146.3;95.095;0;106.9;146.3;138.985;29.985
18/02/2023;153.6;146;112.3;439.4;12303;411.9;153.6;146;112.3;153.6;99.84;0;112.3;153.6;145.92;0
19/02/2023;128.1;106.2;61.9;439.4;12303;296.2;128.1;106.2;61.9;128.1;83.265;21.365;83.265;128.1;121.695;15.495
20/02/2023;101.1;103.6;0;439.4;12303;204.7;101.1;103.6;0;103.6;67.34;67.34;67.34;103.6;98.42;0
21/02/2023;157.5;161.2;0;439.4;12303;318.7;157.5;161.2;0;161.2;104.78;104.78;104.78;161.2;153.14;0
22/02/2023;105.6;108.6;0;439.4;12303;214.2;105.6;108.6;0;108.6;70.59;70.59;70.59;108.6;103.17;0
23/02/2023;109;109.8;78.3;439.4;12303;297.1;109;109.8;78.3;109.8;71.37;0;78.3;109.8;104.31;0
24/02/2023;51.4;54.8;38;439.4;12303;144.2;51.4;54.8;38;54.8;35.62;0;38;54.8;52.06;0.66
25/02/2023;120;107.6;87.8;439.4;12303;315.4;120;107.6;87.8;120;78;0;87.8;120;114;6.4
26/02/2023;135.8;133.3;99.8;439.4;12303;368.9;135.8;133.3;99.8;135.8;88.27;0;99.8;135.8;129.01;0
27/02/2023;163.2;167.3;58.5;439.4;12303;389;163.2;167.3;58.5;167.3;108.745;50.245;108.745;167.3;158.935;0
28/02/2023;159.7;141.4;116.7;439.4;12303;417.8;159.7;141.4;116.7;159.7;103.805;0;116.7;159.7;151.715;10.315
01/03/2023;165.6;157.1;120.6;382.6;11862;443.3;165.6;157.1;120.6;165.6;107.64;0;120.6;165.6;157.32;0.22
02/03/2023;170.1;174.7;59.5;382.6;11862;404.3;170.1;174.7;59.5;174.7;113.555;54.055;113.555;174.7;165.965;0
03/03/2023;39.1;40.3;0;382.6;11862;79.4;39.1;40.3;0;40.3;26.195;26.195;26.195;40.3;38.285;0
04/03/2023;171.2;175.8;0;382.6;11862;347;171.2;175.8;0;175.8;114.27;114.27;114.27;175.8;167.01;0
05/03/2023;150.8;153.2;0;382.6;11862;304;150.8;153.2;0;153.2;99.58;99.58;99.58;153.2;145.54;0
06/03/2023;154.2;151;90.8;382.6;11862;396;154.2;151;90.8;154.2;100.23;9.43;100.23;154.2;146.49;0
07/03/2023;156.7;105.3;113.3;382.6;11862;375.3;156.7;105.3;113.3;156.7;101.855;0;113.3;156.7;148.865;43.565
08/03/2023;157;128.9;115.1;382.6;11862;401;157;128.9;115.1;157;102.05;0;115.1;157;149.15;20.25
09/03/2023;129.4;105.4;93.7;382.6;11862;328.5;129.4;105.4;93.7;129.4;84.11;0;93.7;129.4;122.93;17.53
10/03/2023;169.4;172.6;122.2;382.6;11862;464.2;169.4;172.6;122.2;172.6;112.19;0;122.2;172.6;163.97;0
11/03/2023;149.5;151.2;36.6;382.6;11862;337.3;149.5;151.2;36.6;151.2;98.28;61.68;98.28;151.2;143.64;0
12/03/2023;147.9;150.4;0;382.6;11862;298.3;147.9;150.4;0;150.4;97.76;97.76;97.76;150.4;142.88;0
13/03/2023;76.4;77.3;45.1;382.6;11862;198.8;76.4;77.3;45.1;77.3;50.245;5.145;50.245;77.3;73.435;0
14/03/2023;31.8;32.4;23.2;382.6;11862;87.4;31.8;32.4;23.2;32.4;21.06;0;23.2;32.4;30.78;0
15/03/2023;110.7;116.1;81.4;382.6;11862;308.2;110.7;116.1;81.4;116.1;75.465;0;81.4;116.1;110.295;0
16/03/2023;90.8;93.4;56.1;382.6;11862;240.3;90.8;93.4;56.1;93.4;60.71;4.61;60.71;93.4;88.73;0
17/03/2023;72.8;75.6;53.5;382.6;11862;201.9;72.8;75.6;53.5;75.6;49.14;0;53.5;75.6;71.82;0
18/03/2023;84.7;89;62.2;382.6;11862;235.9;84.7;89;62.2;89;57.85;0;62.2;89;84.55;0
19/03/2023;127.4;131;93;382.6;11862;351.4;127.4;131;93;131;85.15;0;93;131;124.45;0
20/03/2023;104.4;106.7;76.3;382.6;11862;287.4;104.4;106.7;76.3;106.7;69.355;0;76.3;106.7;101.365;0
21/03/2023;108.3;112.3;68.7;382.6;11862;289.3;108.3;112.3;68.7;112.3;72.995;4.295;72.995;112.3;106.685;0
22/03/2023;149.1;156.6;108.2;382.6;11862;413.9;149.1;156.6;108.2;156.6;101.79;0;108.2;156.6;148.77;0
23/03/2023;164.2;170.2;120.1;382.6;11862;454.5;164.2;170.2;120.1;170.2;110.63;0;120.1;170.2;161.69;0
24/03/2023;135.4;139.6;91.4;382.6;11862;366.4;135.4;139.6;91.4;139.6;90.74;0;91.4;139.6;132.62;0
25/03/2023;148.6;151.4;107.8;382.6;11862;407.8;148.6;151.4;107.8;151.4;98.41;0;107.8;151.4;143.83;0
26/03/2023;79.6;81.4;58.8;382.6;11862;219.8;79.6;81.4;58.8;81.4;52.91;0;58.8;81.4;77.33;0
27/03/2023;85.8;89.3;62.6;382.6;11862;237.7;85.8;89.3;62.6;89.3;58.045;0;62.6;89.3;84.835;0
28/03/2023;93.6;98.5;66.3;382.6;11862;258.4;93.6;98.5;66.3;98.5;64.025;0;66.3;98.5;93.575;0
29/03/2023;84.7;86.8;61.4;382.6;11862;232.9;84.7;86.8;61.4;86.8;56.42;0;61.4;86.8;82.46;0
30/03/2023;134.6;138.3;96.9;382.6;11862;369.8;134.6;138.3;96.9;138.3;89.895;0;96.9;138.3;131.385;0
31/03/2023;115.6;116.2;80.9;382.6;11862;312.7;115.6;116.2;80.9;116.2;75.53;0;80.9;116.2;110.39;0
01/04/2023;106.8;108.7;78.2;345;10351;293.7;106.8;108.7;78.2;108.7;70.655;0;78.2;108.7;103.265;0
02/04/2023;94.9;98.4;69.9;345;10351;263.2;94.9;98.4;69.9;98.4;63.96;0;69.9;98.4;93.48;0
03/04/2023;110.8;115.5;80.1;345;10351;306.4;110.8;115.5;80.1;115.5;75.075;0;80.1;115.5;109.725;0
04/04/2023;103.2;105.2;76.4;345;10351;284.8;103.2;105.2;76.4;105.2;68.38;0;76.4;105.2;99.94;0
05/04/2023;83;86.2;61.9;345;10351;231.1;83;86.2;61.9;86.2;56.03;0;61.9;86.2;81.89;0
06/04/2023;85.2;88.5;61.7;345;10351;235.4;85.2;88.5;61.7;88.5;57.525;0;61.7;88.5;84.075;0
07/04/2023;99.2;96.9;64;345;10351;260.1;99.2;96.9;64;99.2;64.48;0.48;64.48;99.2;94.24;0
08/04/2023;78.8;83.9;57.7;345;10351;220.4;78.8;83.9;57.7;83.9;54.535;0;57.7;83.9;79.705;0.905
09/04/2023;58.6;59.6;41.9;345;10351;160.1;58.6;59.6;41.9;59.6;38.74;0;41.9;59.6;56.62;0
10/04/2023;106.5;102.4;65.7;345;10351;274.6;106.5;102.4;65.7;106.5;69.225;3.525;69.225;106.5;101.175;0
11/04/2023;95.9;102;71.2;345;10351;269.1;95.9;102;71.2;102;66.3;0;71.2;102;96.9;1
12/04/2023;166;175.1;114.6;345;10351;455.7;166;175.1;114.6;175.1;113.815;0;114.6;175.1;166.345;0.345
13/04/2023;34;138.7;0;345;10351;172.7;34;138.7;0;138.7;90.155;90.155;90.155;138.7;131.765;97.765
14/04/2023;0;0;66;345;10351;66;0;0;66;0;0;0;66;0;0;0
15/04/2023;76.7;79.2;74.5;345;10351;230.4;76.7;79.2;74.5;79.2;51.48;0;74.5;79.2;75.24;0
16/04/2023;0.7;0;3.3;345;10351;4;0.7;0;3.3;0.7;0.455;0;3.3;0.7;0.665;0.665
17/04/2023;3.2;0;0;345;10351;3.2;3.2;0;0;3.2;2.08;2.08;2.08;3.2;3.04;3.04
18/04/2023;99.6;101.8;70.8;345;10351;272.2;99.6;101.8;70.8;101.8;66.17;0;70.8;101.8;96.71;0
19/04/2023;0.2;119.4;84;345;10351;203.6;0.2;119.4;84;119.4;77.61;0;84;119.4;113.43;113.23
20/04/2023;135.1;142.2;32.5;345;10351;309.8;135.1;142.2;32.5;142.2;92.43;59.93;92.43;142.2;135.09;0
21/04/2023;148.2;0;0.1;345;10351;148.3;148.2;0;0.1;148.2;96.33;96.23;96.33;148.2;140.79;140.79
22/04/2023;0;83.8;113.2;345;10351;197;0;83.8;113.2;83.8;54.47;0;113.2;83.8;79.61;79.61
23/04/2023;130.1;139.1;97.3;345;10351;366.5;130.1;139.1;97.3;139.1;90.415;0;97.3;139.1;132.145;2.045
24/04/2023;0;88.4;0;345;10351;88.4;0;88.4;0;88.4;57.46;57.46;57.46;88.4;83.98;83.98
25/04/2023;131.2;0;36.7;345;10351;167.9;131.2;0;36.7;131.2;85.28;48.58;85.28;131.2;124.64;124.64
26/04/2023;153.5;161.8;11.5;345;10351;326.8;153.5;161.8;11.5;161.8;105.17;93.67;105.17;161.8;153.71;0.21
27/04/2023;35.8;37.5;27.2;345;10351;100.5;35.8;37.5;27.2;37.5;24.375;0;27.2;37.5;35.625;0
28/04/2023;0;101.4;66.9;345;10351;168.3;0;101.4;66.9;101.4;65.91;0;66.9;101.4;96.33;96.33
29/04/2023;47.7;78.4;0;345;10351;126.1;47.7;78.4;0;78.4;50.96;50.96;50.96;78.4;74.48;26.78
30/04/2023;0;0;0;345;10351;0;0;0;0;0;0;0;0;0;0;0
01/05/2023;93.7;98;0;356.9;11064;191.7;93.7;98;0;98;63.7;63.7;63.7;98;93.1;0
02/05/2023;150.6;160.4;100.8;356.9;11064;411.8;150.6;160.4;100.8;160.4;104.26;3.46;104.26;160.4;152.38;1.78
03/05/2023;38.4;127.2;87.6;356.9;11064;253.2;38.4;127.2;87.6;127.2;82.68;0;87.6;127.2;120.84;82.44
04/05/2023;139;145;103;356.9;11064;387;139;145;103;145;94.25;0;103;145;137.75;0
05/05/2023;156.2;165.9;111.2;356.9;11064;433.3;156.2;165.9;111.2;165.9;107.835;0;111.2;165.9;157.605;1.405
06/05/2023;147.3;0.2;56.4;356.9;11064;203.9;147.3;0.2;56.4;147.3;95.745;39.345;95.745;147.3;139.935;139.735
07/05/2023;0;157.5;0;356.9;11064;157.5;0;157.5;0;157.5;102.375;102.375;102.375;157.5;149.625;149.625
08/05/2023;20.4;84.2;0;356.9;11064;104.6;20.4;84.2;0;84.2;54.73;54.73;54.73;84.2;79.99;59.59
09/05/2023;0;140.1;84.1;356.9;11064;224.2;0;140.1;84.1;140.1;91.065;6.965;91.065;140.1;133.095;133.095
10/05/2023;45.3;37.1;0;356.9;11064;82.4;45.3;37.1;0;45.3;29.445;29.445;29.445;45.3;43.035;5.935
11/05/2023;143.8;0;0;356.9;11064;143.8;143.8;0;0;143.8;93.47;93.47;93.47;143.8;136.61;136.61
12/05/2023;92.8;98.9;70.1;356.9;11064;261.8;92.8;98.9;70.1;98.9;64.285;0;70.1;98.9;93.955;1.155
13/05/2023;136.8;145.3;0;356.9;11064;282.1;136.8;145.3;0;145.3;94.445;94.445;94.445;145.3;138.035;1.235
14/05/2023;130.3;139.5;55.4;356.9;11064;325.2;130.3;139.5;55.4;139.5;90.675;35.275;90.675;139.5;132.525;2.225
15/05/2023;146.1;157.6;98.3;356.9;11064;402;146.1;157.6;98.3;157.6;102.44;4.14;102.44;157.6;149.72;3.62
16/05/2023;58.4;19.8;15.8;356.9;11064;94;58.4;19.8;15.8;58.4;37.96;22.16;37.96;58.4;55.48;35.68
17/05/2023;134.5;142.4;100.2;356.9;11064;377.1;134.5;142.4;100.2;142.4;92.56;0;100.2;142.4;135.28;0.78
18/05/2023;110.7;115;50.6;356.9;11064;276.3;110.7;115;50.6;115;74.75;24.15;74.75;115;109.25;0
19/05/2023;6.4;79.2;54.7;356.9;11064;140.3;6.4;79.2;54.7;79.2;51.48;0;54.7;79.2;75.24;68.84
20/05/2023;126.7;131;88.7;356.9;11064;346.4;126.7;131;88.7;131;85.15;0;88.7;131;124.45;0
21/05/2023;133.6;141.1;35;356.9;11064;309.7;133.6;141.1;35;141.1;91.715;56.715;91.715;141.1;134.045;0.445
22/05/2023;122.7;129.9;11.3;356.9;11064;263.9;122.7;129.9;11.3;129.9;84.435;73.135;84.435;129.9;123.405;0.705
23/05/2023;89.4;92.8;66.3;356.9;11064;248.5;89.4;92.8;66.3;92.8;60.32;0;66.3;92.8;88.16;0
24/05/2023;36.8;40.2;26.5;356.9;11064;103.5;36.8;40.2;26.5;40.2;26.13;0;26.5;40.2;38.19;1.39
25/05/2023;124.2;132.1;92.4;356.9;11064;348.7;124.2;132.1;92.4;132.1;85.865;0;92.4;132.1;125.495;1.295
26/05/2023;70.9;74.2;53.1;356.9;11064;198.2;70.9;74.2;53.1;74.2;48.23;0;53.1;74.2;70.49;0
27/05/2023;128.5;136.8;94.9;356.9;11064;360.2;128.5;136.8;94.9;136.8;88.92;0;94.9;136.8;129.96;1.46
28/05/2023;123.2;129.7;44.6;356.9;11064;297.5;123.2;129.7;44.6;129.7;84.305;39.705;84.305;129.7;123.215;0.015
29/05/2023;109.8;115.1;79.6;356.9;11064;304.5;109.8;115.1;79.6;115.1;74.815;0;79.6;115.1;109.345;0
30/05/2023;131.2;136.1;97.2;356.9;11064;364.5;131.2;136.1;97.2;136.1;88.465;0;97.2;136.1;129.295;0
31/05/2023;133.8;143.3;94.1;356.9;11064;371.2;133.8;143.3;94.1;143.3;93.145;0;94.1;143.3;136.135;2.335
01/06/2023;104.8;109.9;78.6;368.8;11064;293.3;104.8;109.9;78.6;109.9;71.435;0;78.6;109.9;104.405;0
02/06/2023;132.9;139.9;55;368.8;11064;327.8;132.9;139.9;55;139.9;90.935;35.935;90.935;139.9;132.905;0.005
03/06/2023;137.9;144.9;102.5;368.8;11064;385.3;137.9;144.9;102.5;144.9;94.185;0;102.5;144.9;137.655;0
04/06/2023;141.3;150.8;105.3;368.8;11064;397.4;141.3;150.8;105.3;150.8;98.02;0;105.3;150.8;143.26;1.96
05/06/2023;134.8;143.9;99.8;368.8;11064;378.5;134.8;143.9;99.8;143.9;93.535;0;99.8;143.9;136.705;1.905
06/06/2023;114.3;120;85.5;368.8;11064;319.8;114.3;120;85.5;120;78;0;85.5;120;114;0
07/06/2023;128.5;135.2;95.7;368.8;11064;359.4;128.5;135.2;95.7;135.2;87.88;0;95.7;135.2;128.44;0
08/06/2023;128.2;134.9;94.8;368.8;11064;357.9;128.2;134.9;94.8;134.9;87.685;0;94.8;134.9;128.155;0
09/06/2023;124;130.8;91.4;368.8;11064;346.2;124;130.8;91.4;130.8;85.02;0;91.4;130.8;124.26;0.26
10/06/2023;124.2;131.8;92.9;368.8;11064;348.9;124.2;131.8;92.9;131.8;85.67;0;92.9;131.8;125.21;1.01
11/06/2023;130.5;138.5;42.2;368.8;11064;311.2;130.5;138.5;42.2;138.5;90.025;47.825;90.025;138.5;131.575;1.075
12/06/2023;132.5;140.8;93.7;368.8;11064;367;132.5;140.8;93.7;140.8;91.52;0;93.7;140.8;133.76;1.26
13/06/2023;118.4;126;88.5;368.8;11064;332.9;118.4;126;88.5;126;81.9;0;88.5;126;119.7;1.3
14/06/2023;135.5;146;102.3;368.8;11064;383.8;135.5;146;102.3;146;94.9;0;102.3;146;138.7;3.2
15/06/2023;108.5;114.1;81.6;368.8;11064;304.2;108.5;114.1;81.6;114.1;74.165;0;81.6;114.1;108.395;0
16/06/2023;98.6;100.2;70.5;368.8;11064;269.3;98.6;100.2;70.5;100.2;65.13;0;70.5;100.2;95.19;0
17/06/2023;91.2;90.9;64.8;368.8;11064;246.9;91.2;90.9;64.8;91.2;59.28;0;64.8;91.2;86.64;0
18/06/2023;152.1;153.2;107.4;368.8;11064;412.7;152.1;153.2;107.4;153.2;99.58;0;107.4;153.2;145.54;0
19/06/2023;123.3;124;86.8;368.8;11064;334.1;123.3;124;86.8;124;80.6;0;86.8;124;117.8;0
20/06/2023;98.1;99.8;70.2;368.8;11064;268.1;98.1;99.8;70.2;99.8;64.87;0;70.2;99.8;94.81;0
21/06/2023;137.3;139.2;88.5;368.8;11064;365;137.3;139.2;88.5;139.2;90.48;1.98;90.48;139.2;132.24;0
22/06/2023;150.3;153.8;106.8;368.8;11064;410.9;150.3;153.8;106.8;153.8;99.97;0;106.8;153.8;146.11;0
23/06/2023;156.3;158.8;110.7;368.8;11064;425.8;156.3;158.8;110.7;158.8;103.22;0;110.7;158.8;150.86;0
24/06/2023;94.3;95.4;60;368.8;11064;249.7;94.3;95.4;60;95.4;62.01;2.01;62.01;95.4;90.63;0
25/06/2023;144.5;148.6;55.6;368.8;11064;348.7;144.5;148.6;55.6;148.6;96.59;40.99;96.59;148.6;141.17;0
26/06/2023;122.3;125;83.3;368.8;11064;330.6;122.3;125;83.3;125;81.25;0;83.3;125;118.75;0
27/06/2023;125.9;130.4;89.4;368.8;11064;345.7;125.9;130.4;89.4;130.4;84.76;0;89.4;130.4;123.88;0
28/06/2023;110.8;114;78.6;368.8;11064;303.4;110.8;114;78.6;114;74.1;0;78.6;114;108.3;0
29/06/2023;117.6;118.9;84;368.8;11064;320.5;117.6;118.9;84;118.9;77.285;0;84;118.9;112.955;0
30/06/2023;132.2;133.4;93.3;368.8;11064;358.9;132.2;133.4;93.3;133.4;86.71;0;93.3;133.4;126.73;0
01/07/2023;137.5;138.8;98;369;11442;374.3;137.5;138.8;98;138.8;90.22;0;98;138.8;131.86;0
02/07/2023;146.3;147.6;28.4;369;11442;322.3;146.3;147.6;28.4;147.6;95.94;67.54;95.94;147.6;140.22;0
03/07/2023;129.5;129.6;86.2;369;11442;345.3;129.5;129.6;86.2;129.6;84.24;0;86.2;129.6;123.12;0
04/07/2023;152.3;155.4;108.1;369;11442;415.8;152.3;155.4;108.1;155.4;101.01;0;108.1;155.4;147.63;0
05/07/2023;157.4;161.3;112;369;11442;430.7;157.4;161.3;112;161.3;104.845;0;112;161.3;153.235;0
06/07/2023;121.5;122.1;86.4;369;11442;330;121.5;122.1;86.4;122.1;79.365;0;86.4;122.1;115.995;0
07/07/2023;142.2;144.4;96;369;11442;382.6;142.2;144.4;96;144.4;93.86;0;96;144.4;137.18;0
08/07/2023;134.4;135.7;95.3;369;11442;365.4;134.4;135.7;95.3;135.7;88.205;0;95.3;135.7;128.915;0
09/07/2023;149.1;149.9;55.2;369;11442;354.2;149.1;149.9;55.2;149.9;97.435;42.235;97.435;149.9;142.405;0
10/07/2023;140.8;142.4;92;369;11442;375.2;140.8;142.4;92;142.4;92.56;0.56;92.56;142.4;135.28;0
11/07/2023;155.2;158.2;110.3;369;11442;423.7;155.2;158.2;110.3;158.2;102.83;0;110.3;158.2;150.29;0
12/07/2023;156.9;156.5;110.4;369;11442;423.8;156.9;156.5;110.4;156.9;101.985;0;110.4;156.9;149.055;0
13/07/2023;146.6;148.9;87.3;369;11442;382.8;146.6;148.9;87.3;148.9;96.785;9.485;96.785;148.9;141.455;0
14/07/2023;125;125.4;88.9;369;11442;339.3;125;125.4;88.9;125.4;81.51;0;88.9;125.4;119.13;0
15/07/2023;138.1;139;98;369;11442;375.1;138.1;139;98;139;90.35;0;98;139;132.05;0
16/07/2023;147.6;147.8;41.4;369;11442;336.8;147.6;147.8;41.4;147.8;96.07;54.67;96.07;147.8;140.41;0
17/07/2023;150.9;151.8;101.6;369;11442;404.3;150.9;151.8;101.6;151.8;98.67;0;101.6;151.8;144.21;0
18/07/2023;139.8;143.4;99.3;369;11442;382.5;139.8;143.4;99.3;143.4;93.21;0;99.3;143.4;136.23;0
19/07/2023;122.7;122.9;87.3;369;11442;332.9;122.7;122.9;87.3;122.9;79.885;0;87.3;122.9;116.755;0
20/07/2023;157.6;161.3;112.3;369;11442;431.2;157.6;161.3;112.3;161.3;104.845;0;112.3;161.3;153.235;0
21/07/2023;159;163.4;100.6;369;11442;423;159;163.4;100.6;163.4;106.21;5.61;106.21;163.4;155.23;0
22/07/2023;144.7;146.7;88.4;369;11442;379.8;144.7;146.7;88.4;146.7;95.355;6.955;95.355;146.7;139.365;0
23/07/2023;144.7;146.7;88.4;369;11442;379.8;144.7;146.7;88.4;146.7;95.355;6.955;95.355;146.7;139.365;0
24/07/2023;159;163;110.6;369;11442;432.6;159;163;110.6;163;105.95;0;110.6;163;154.85;0
25/07/2023;158.9;163.3;113.1;369;11442;435.3;158.9;163.3;113.1;163.3;106.145;0;113.1;163.3;155.135;0
26/07/2023;162.9;167.1;99.3;369;11442;429.3;162.9;167.1;99.3;167.1;108.615;9.315;108.615;167.1;158.745;0
27/07/2023;120.6;120.2;85.4;369;11442;326.2;120.6;120.2;85.4;120.6;78.39;0;85.4;120.6;114.57;0
28/07/2023;141.2;143.2;100.6;369;11442;385;141.2;143.2;100.6;143.2;93.08;0;100.6;143.2;136.04;0
29/07/2023;135.3;137.2;52.6;369;11442;325.1;135.3;137.2;52.6;137.2;89.18;36.58;89.18;137.2;130.34;0
30/07/2023;150.4;153.8;0;369;11442;304.2;150.4;153.8;0;153.8;99.97;99.97;99.97;153.8;146.11;0
31/07/2023;158.8;163.4;109;369;11442;431.2;158.8;163.4;109;163.4;106.21;0;109;163.4;155.23;0
01/08/2023;145.4;147.1;103.2;391;12135;395.7;145.4;147.1;103.2;147.1;95.615;0;103.2;147.1;139.745;0
02/08/2023;131.3;136.1;94.8;391;12135;362.2;131.3;136.1;94.8;136.1;88.465;0;94.8;136.1;129.295;0
03/08/2023;127.2;131.9;76.2;391;12135;335.3;127.2;131.9;76.2;131.9;85.735;9.535;85.735;131.9;125.305;0
04/08/2023;149.1;157;108.6;391;12135;414.7;149.1;157;108.6;157;102.05;0;108.6;157;149.15;0.05
05/08/2023;142;147.8;103.1;391;12135;392.9;142;147.8;103.1;147.8;96.07;0;103.1;147.8;140.41;0
06/08/2023;142.3;149;43.7;391;12135;335;142.3;149;43.7;149;96.85;53.15;96.85;149;141.55;0
07/08/2023;146.5;153.8;99.1;391;12135;399.4;146.5;153.8;99.1;153.8;99.97;0.87;99.97;153.8;146.11;0
08/08/2023;145;152.3;106;391;12135;403.3;145;152.3;106;152.3;98.995;0;106;152.3;144.685;0
09/08/2023;130.3;135.2;59.2;391;12135;324.7;130.3;135.2;59.2;135.2;87.88;28.68;87.88;135.2;128.44;0
10/08/2023;146;155.9;107.4;391;12135;409.3;146;155.9;107.4;155.9;101.335;0;107.4;155.9;148.105;2.105
11/08/2023;142.9;146.5;95.9;391;12135;385.3;142.9;146.5;95.9;146.5;95.225;0;95.9;146.5;139.175;0
12/08/2023;136.3;138.5;91.7;391;12135;366.5;136.3;138.5;91.7;138.5;90.025;0;91.7;138.5;131.575;0
13/08/2023;147.7;152.1;48.5;391;12135;348.3;147.7;152.1;48.5;152.1;98.865;50.365;98.865;152.1;144.495;0
14/08/2023;158.1;164.2;104.1;391;12135;426.4;158.1;164.2;104.1;164.2;106.73;2.63;106.73;164.2;155.99;0
15/08/2023;119.8;123.2;34.5;391;12135;277.5;119.8;123.2;34.5;123.2;80.08;45.58;80.08;123.2;117.04;0
16/08/2023;159.1;165.1;101.2;391;12135;425.4;159.1;165.1;101.2;165.1;107.315;6.115;107.315;165.1;156.845;0
17/08/2023;154.8;160.8;76;391;12135;391.6;154.8;160.8;76;160.8;104.52;28.52;104.52;160.8;152.76;0
18/08/2023;151.2;155.4;103.7;391;12135;410.3;151.2;155.4;103.7;155.4;101.01;0;103.7;155.4;147.63;0
19/08/2023;117.1;115.5;81.2;391;12135;313.8;117.1;115.5;81.2;117.1;76.115;0;81.2;117.1;111.245;0
20/08/2023;155.3;148;36.6;391;12135;339.9;155.3;148;36.6;155.3;100.945;64.345;100.945;155.3;147.535;0
21/08/2023;129.2;122.8;79.5;391;12135;331.5;129.2;122.8;79.5;129.2;83.98;4.48;83.98;129.2;122.74;0
22/08/2023;140.9;133.3;93.1;391;12135;367.3;140.9;133.3;93.1;140.9;91.585;0;93.1;140.9;133.855;0.555
23/08/2023;148.3;146.1;98.8;391;12135;393.2;148.3;146.1;98.8;148.3;96.395;0;98.8;148.3;140.885;0
24/08/2023;145.6;143.2;49.4;391;12135;338.2;145.6;143.2;49.4;145.6;94.64;45.24;94.64;145.6;138.32;0
25/08/2023;134.3;129.1;93.4;391;12135;356.8;134.3;129.1;93.4;134.3;87.295;0;93.4;134.3;127.585;0
26/08/2023;141.8;136.5;99.6;391;12135;377.9;141.8;136.5;99.6;141.8;92.17;0;99.6;141.8;134.71;0
27/08/2023;148.9;143.3;104.4;391;12135;396.6;148.9;143.3;104.4;148.9;96.785;0;104.4;148.9;141.455;0
28/08/2023;143.3;137.7;100.7;391;12135;381.7;143.3;137.7;100.7;143.3;93.145;0;100.7;143.3;136.135;0
29/08/2023;149.5;144.6;105.5;391;12135;399.6;149.5;144.6;105.5;149.5;97.175;0;105.5;149.5;142.025;0
30/08/2023;144.1;138.8;101.4;391;12135;384.3;144.1;138.8;101.4;144.1;93.665;0;101.4;144.1;136.895;0
31/08/2023;168.6;163.7;119.4;391;12135;451.7;168.6;163.7;119.4;168.6;109.59;0;119.4;168.6;160.17;0
01/09/2023;153.3;144.5;107.3;417.8;12534;405.1;153.3;144.5;107.3;153.3;99.645;0;107.3;153.3;145.635;1.135
02/09/2023;142.4;133.7;99.4;417.8;12534;375.5;142.4;133.7;99.4;142.4;92.56;0;99.4;142.4;135.28;1.58
03/09/2023;148.9;139.9;104;417.8;12534;392.8;148.9;139.9;104;148.9;96.785;0;104;148.9;141.455;1.555
04/09/2023;159.1;149.9;111.1;417.8;12534;420.1;159.1;149.9;111.1;159.1;103.415;0;111.1;159.1;151.145;1.245
05/09/2023;163.5;153.9;114.2;417.8;12534;431.6;163.5;153.9;114.2;163.5;106.275;0;114.2;163.5;155.325;1.425
06/09/2023;168.3;158.2;117.5;417.8;12534;444;168.3;158.2;117.5;168.3;109.395;0;117.5;168.3;159.885;1.685
07/09/2023;153.7;143.4;107;417.8;12534;404.1;153.7;143.4;107;153.7;99.905;0;107;153.7;146.015;2.615
08/09/2023;125.8;119;88.5;417.8;12534;333.3;125.8;119;88.5;125.8;81.77;0;88.5;125.8;119.51;0.51
09/09/2023;147.7;141.4;104.6;417.8;12534;393.7;147.7;141.4;104.6;147.7;96.005;0;104.6;147.7;140.315;0
10/09/2023;149.9;142.1;105.1;417.8;12534;397.1;149.9;142.1;105.1;149.9;97.435;0;105.1;149.9;142.405;0.305
11/09/2023;151.9;144.2;106.9;417.8;12534;403;151.9;144.2;106.9;151.9;98.735;0;106.9;151.9;144.305;0.105
12/09/2023;143.1;138.5;101.1;417.8;12534;382.7;143.1;138.5;101.1;143.1;93.015;0;101.1;143.1;135.945;0
13/09/2023;123.7;119.1;86.9;417.8;12534;329.7;123.7;119.1;86.9;123.7;80.405;0;86.9;123.7;117.515;0
14/09/2023;153.2;150.5;108.9;417.8;12534;412.6;153.2;150.5;108.9;153.2;99.58;0;108.9;153.2;145.54;0
15/09/2023;140.4;135.6;98.9;417.8;12534;374.9;140.4;135.6;98.9;140.4;91.26;0;98.9;140.4;133.38;0
16/09/2023;137.5;133.8;97.4;417.8;12534;368.7;137.5;133.8;97.4;137.5;89.375;0;97.4;137.5;130.625;0
17/09/2023;155.8;152.8;110.7;417.8;12534;419.3;155.8;152.8;110.7;155.8;101.27;0;110.7;155.8;148.01;0
18/09/2023;142.2;139.4;101.3;417.8;12534;382.9;142.2;139.4;101.3;142.2;92.43;0;101.3;142.2;135.09;0
19/09/2023;154.3;150.6;109.6;417.8;12534;414.5;154.3;150.6;109.6;154.3;100.295;0;109.6;154.3;146.585;0
20/09/2023;142.5;138.5;101.1;417.8;12534;382.1;142.5;138.5;101.1;142.5;92.625;0;101.1;142.5;135.375;0
21/09/2023;150.9;147.8;107.4;417.8;12534;406.1;150.9;147.8;107.4;150.9;98.085;0;107.4;150.9;143.355;0
22/09/2023;157;154;111.8;417.8;12534;422.8;157;154;111.8;157;102.05;0;111.8;157;149.15;0
23/09/2023;143.6;138.9;100.6;417.8;12534;383.1;143.6;138.9;100.6;143.6;93.34;0;100.6;143.6;136.42;0
24/09/2023;165.5;162.3;117;417.8;12534;444.8;165.5;162.3;117;165.5;107.575;0;117;165.5;157.225;0
25/09/2023;159.8;156.5;112.8;417.8;12534;429.1;159.8;156.5;112.8;159.8;103.87;0;112.8;159.8;151.81;0
26/09/2023;139;136.1;98.4;417.8;12534;373.5;139;136.1;98.4;139;90.35;0;98.4;139;132.05;0
27/09/2023;171;165.7;120.8;417.8;12534;457.5;171;165.7;120.8;171;111.15;0;120.8;171;162.45;0
28/09/2023;156.9;152.2;110.7;417.8;12534;419.8;156.9;152.2;110.7;156.9;101.985;0;110.7;156.9;149.055;0
29/09/2023;168.7;163.4;119.2;417.8;12534;451.3;168.7;163.4;119.2;168.7;109.655;0;119.2;168.7;160.265;0
30/09/2023;154.1;147.1;107.8;417.8;12534;409;154.1;147.1;107.8;154.1;100.165;0;107.8;154.1;146.395;0
01/10/2023;175.2;168.6;123.7;424.6;13164;467.5;175.2;168.6;123.7;175.2;113.88;0;123.7;175.2;166.44;0
02/10/2023;169.3;164;119.6;424.6;13164;452.9;169.3;164;119.6;169.3;110.045;0;119.6;169.3;160.835;0
03/10/2023;173.5;167.7;122.7;424.6;13164;463.9;173.5;167.7;122.7;173.5;112.775;0;122.7;173.5;164.825;0
04/10/2023;177.4;171.4;125.2;424.6;13164;474;177.4;171.4;125.2;177.4;115.31;0;125.2;177.4;168.53;0
05/10/2023;170.8;164.7;120.6;424.6;13164;456.1;170.8;164.7;120.6;170.8;111.02;0;120.6;170.8;162.26;0
06/10/2023;163;157.5;115.6;424.6;13164;436.1;163;157.5;115.6;163;105.95;0;115.6;163;154.85;0
07/10/2023;;;;424.6;13164;0;0;0;0;0;0;0;0;0;0;0
08/10/2023;;;;424.6;13164;0;0;0;0;0;0;0;0;0;0;0
09/10/2023;160.3;154.3;113.2;424.6;13164;427.8;160.3;154.3;113.2;160.3;104.195;0;113.2;160.3;152.285;0
10/10/2023;164.6;159.2;116.8;424.6;13164;440.6;164.6;159.2;116.8;164.6;106.99;0;116.8;164.6;156.37;0
11/10/2023;145.3;141.6;103.6;424.6;13164;390.5;145.3;141.6;103.6;145.3;94.445;0;103.6;145.3;138.035;0
12/10/2023;147.8;143.1;105.7;424.6;13164;396.6;147.8;143.1;105.7;147.8;96.07;0;105.7;147.8;140.41;0
13/10/2023;174.3;165.3;123.1;424.6;13164;462.7;174.3;165.3;123.1;174.3;113.295;0;123.1;174.3;165.585;0.285
14/10/2023;134.7;130.1;94.5;424.6;13164;359.3;134.7;130.1;94.5;134.7;87.555;0;94.5;134.7;127.965;0
15/10/2023;164.6;159.1;115.6;424.6;13164;439.3;164.6;159.1;115.6;164.6;106.99;0;115.6;164.6;156.37;0
16/10/2023;160.9;154.9;112.9;424.6;13164;428.7;160.9;154.9;112.9;160.9;104.585;0;112.9;160.9;152.855;0
17/10/2023;164.9;157.4;115.3;424.6;13164;437.6;164.9;157.4;115.3;164.9;107.185;0;115.3;164.9;156.655;0
18/10/2023;160.9;154.3;113.3;424.6;13164;428.5;160.9;154.3;113.3;160.9;104.585;0;113.3;160.9;152.855;0
19/10/2023;133.1;126.9;94.1;424.6;13164;354.1;133.1;126.9;94.1;133.1;86.515;0;94.1;133.1;126.445;0
20/10/2023;131.9;126.1;93;424.6;13164;351;131.9;126.1;93;131.9;85.735;0;93;131.9;125.305;0
21/10/2023;144.8;137.2;101.3;424.6;13164;383.3;144.8;137.2;101.3;144.8;94.12;0;101.3;144.8;137.56;0.36
22/10/2023;159;155;112.2;424.6;13164;426.2;159;155;112.2;159;103.35;0;112.2;159;151.05;0
23/10/2023;128.5;125.4;91.3;424.6;13164;345.2;128.5;125.4;91.3;128.5;83.525;0;91.3;128.5;122.075;0
24/10/2023;152.5;148.2;107.5;424.6;13164;408.2;152.5;148.2;107.5;152.5;99.125;0;107.5;152.5;144.875;0
25/10/2023;166.4;164.7;118.2;424.6;13164;449.3;166.4;164.7;118.2;166.4;108.16;0;118.2;166.4;158.08;0
26/10/2023;163.5;161.6;116;424.6;13164;441.1;163.5;161.6;116;163.5;106.275;0;116;163.5;155.325;0
27/10/2023;164.6;162.4;117.5;424.6;13164;444.5;164.6;162.4;117.5;164.6;106.99;0;117.5;164.6;156.37;0
28/10/2023;163;159.7;115.7;424.6;13164;438.4;163;159.7;115.7;163;105.95;0;115.7;163;154.85;0
29/10/2023;175;169.9;124.4;424.6;13164;469.3;175;169.9;124.4;175;113.75;0;124.4;175;166.25;0
30/10/2023;165;159.9;117.5;424.6;13164;442.4;165;159.9;117.5;165;107.25;0;117.5;165;156.75;0
31/10/2023;166.4;162.1;119.2;424.6;13164;447.7;166.4;162.1;119.2;166.4;108.16;0;119.2;166.4;158.08;0
01/11/2023;160.9;157.5;113.6;446.5;13395;432;160.9;157.5;113.6;160.9;104.585;0;113.6;160.9;152.855;0
02/11/2023;133.1;130.7;95.3;446.5;13395;359.1;133.1;130.7;95.3;133.1;86.515;0;95.3;133.1;126.445;0
03/11/2023;164;159.3;116.2;446.5;13395;439.5;164;159.3;116.2;164;106.6;0;116.2;164;155.8;0
04/11/2023;168.2;163.8;119.6;446.5;13395;451.6;168.2;163.8;119.6;168.2;109.33;0;119.6;168.2;159.79;0
05/11/2023;168.7;163.2;119.6;446.5;13395;451.5;168.7;163.2;119.6;168.7;109.655;0;119.6;168.7;160.265;0
06/11/2023;171.8;166;121.9;446.5;13395;459.7;171.8;166;121.9;171.8;111.67;0;121.9;171.8;163.21;0
07/11/2023;122.8;118.6;88;446.5;13395;329.4;122.8;118.6;88;122.8;79.82;0;88;122.8;116.66;0
08/11/2023;178.1;172.4;126.7;446.5;13395;477.2;178.1;172.4;126.7;178.1;115.765;0;126.7;178.1;169.195;0
09/11/2023;182.3;176.4;129.9;446.5;13395;488.6;182.3;176.4;129.9;182.3;118.495;0;129.9;182.3;173.185;0
10/11/2023;174.3;168.3;124.4;446.5;13395;467;174.3;168.3;124.4;174.3;113.295;0;124.4;174.3;165.585;0
11/11/2023;171.8;167;122.9;446.5;13395;461.7;171.8;167;122.9;171.8;111.67;0;122.9;171.8;163.21;0
12/11/2023;174;168.8;124.2;446.5;13395;467;174;168.8;124.2;174;113.1;0;124.2;174;165.3;0
13/11/2023;174.5;169.6;124.6;446.5;13395;468.7;174.5;169.6;124.6;174.5;113.425;0;124.6;174.5;165.775;0
14/11/2023;168.1;162;120.1;446.5;13395;450.2;168.1;162;120.1;168.1;109.265;0;120.1;168.1;159.695;0
15/11/2023;157.8;151.7;112.1;446.5;13395;421.6;157.8;151.7;112.1;157.8;102.57;0;112.1;157.8;149.91;0
16/11/2023;174.3;167.2;124.3;446.5;13395;465.8;174.3;167.2;124.3;174.3;113.295;0;124.3;174.3;165.585;0
17/11/2023;149.8;143.7;106.6;446.5;13395;400.1;149.8;143.7;106.6;149.8;97.37;0;106.6;149.8;142.31;0
18/11/2023;155.8;150.6;111.3;446.5;13395;417.7;155.8;150.6;111.3;155.8;101.27;0;111.3;155.8;148.01;0
19/11/2023;148.2;141.7;105.3;446.5;13395;395.2;148.2;141.7;105.3;148.2;96.33;0;105.3;148.2;140.79;0
20/11/2023;150.2;145.1;107;446.5;13395;402.3;150.2;145.1;107;150.2;97.63;0;107;150.2;142.69;0
21/11/2023;153.6;148.3;110.2;446.5;13395;412.1;153.6;148.3;110.2;153.6;99.84;0;110.2;153.6;145.92;0
22/11/2023;139.1;134.1;100.1;446.5;13395;373.3;139.1;134.1;100.1;139.1;90.415;0;100.1;139.1;132.145;0
23/11/2023;152.4;143.4;107.6;446.5;13395;403.4;152.4;143.4;107.6;152.4;99.06;0;107.6;152.4;144.78;1.38
24/11/2023;167.5;156.5;118.1;446.5;13395;442.1;167.5;156.5;118.1;167.5;108.875;0;118.1;167.5;159.125;2.625
25/11/2023;162.8;152.9;115.2;446.5;13395;430.9;162.8;152.9;115.2;162.8;105.82;0;115.2;162.8;154.66;1.76
26/11/2023;159;147.9;111.9;446.5;13395;418.8;159;147.9;111.9;159;103.35;0;111.9;159;151.05;3.15
27/11/2023;153.5;142.3;107.4;446.5;13395;403.2;153.5;142.3;107.4;153.5;99.775;0;107.4;153.5;145.825;3.525
28/11/2023;107.2;105.6;77.1;446.5;13395;289.9;107.2;105.6;77.1;107.2;69.68;0;77.1;107.2;101.84;0
29/11/2023;155;151.8;111;446.5;13395;417.8;155;151.8;111;155;100.75;0;111;155;147.25;0
30/11/2023;158.4;154.5;113.5;446.5;13395;426.4;158.4;154.5;113.5;158.4;102.96;0;113.5;158.4;150.48;0
01/12/2023;174.3;169.2;125.2;411.7;12765;468.7;174.3;169.2;125.2;174.3;113.295;0;125.2;174.3;165.585;0
02/12/2023;173;168.2;123.9;411.7;12765;465.1;173;168.2;123.9;173;112.45;0;123.9;173;164.35;0
03/12/2023;162.5;159;118.2;411.7;12765;439.7;162.5;159;118.2;162.5;105.625;0;118.2;162.5;154.375;0
04/12/2023;175.2;169.8;126.1;411.7;12765;471.1;175.2;169.8;126.1;175.2;113.88;0;126.1;175.2;166.44;0
05/12/2023;166.9;161;119.8;411.7;12765;447.7;166.9;161;119.8;166.9;108.485;0;119.8;166.9;158.555;0
06/12/2023;167.2;162.1;120.2;411.7;12765;449.5;167.2;162.1;120.2;167.2;108.68;0;120.2;167.2;158.84;0
07/12/2023;168.3;162.8;119.7;411.7;12765;450.8;168.3;162.8;119.7;168.3;109.395;0;119.7;168.3;159.885;0
08/12/2023;153.6;148.4;109.9;411.7;12765;411.9;153.6;148.4;109.9;153.6;99.84;0;109.9;153.6;145.92;0
09/12/2023;142;137.9;101.9;411.7;12765;381.8;142;137.9;101.9;142;92.3;0;101.9;142;134.9;0
10/12/2023;144.2;139.4;102.7;411.7;12765;386.3;144.2;139.4;102.7;144.2;93.73;0;102.7;144.2;136.99;0
11/12/2023;157.7;153.1;111.8;411.7;12765;422.6;157.7;153.1;111.8;157.7;102.505;0;111.8;157.7;149.815;0
12/12/2023;165.4;160.7;118.7;411.7;12765;444.8;165.4;160.7;118.7;165.4;107.51;0;118.7;165.4;157.13;0
13/12/2023;170.3;165.4;122.2;411.7;12765;457.9;170.3;165.4;122.2;170.3;110.695;0;122.2;170.3;161.785;0
14/12/2023;179.7;174.6;129.5;411.7;12765;483.8;179.7;174.6;129.5;179.7;116.805;0;129.5;179.7;170.715;0
15/12/2023;158.7;154;114.1;411.7;12765;426.8;158.7;154;114.1;158.7;103.155;0;114.1;158.7;150.765;0
16/12/2023;137.6;132.6;99.1;411.7;12765;369.3;137.6;132.6;99.1;137.6;89.44;0;99.1;137.6;130.72;0
17/12/2023;159.6;154.1;114.5;411.7;12765;428.2;159.6;154.1;114.5;159.6;103.74;0;114.5;159.6;151.62;0
18/12/2023;100.1;96.7;71.6;411.7;12765;268.4;100.1;96.7;71.6;100.1;65.065;0;71.6;100.1;95.095;0
19/12/2023;109.7;105.9;77.3;411.7;12765;292.9;109.7;105.9;77.3;109.7;71.305;0;77.3;109.7;104.215;0
20/12/2023;126.9;123;90.5;411.7;12765;340.4;126.9;123;90.5;126.9;82.485;0;90.5;126.9;120.555;0
21/12/2023;135.8;132.3;98;411.7;12765;366.1;135.8;132.3;98;135.8;88.27;0;98;135.8;129.01;0
22/12/2023;156.3;152;112.2;411.7;12765;420.5;156.3;152;112.2;156.3;101.595;0;112.2;156.3;148.485;0
23/12/2023;168.7;163.3;121.2;411.7;12765;453.2;168.7;163.3;121.2;168.7;109.655;0;121.2;168.7;160.265;0
24/12/2023;165.1;158.7;118.7;411.7;12765;442.5;165.1;158.7;118.7;165.1;107.315;0;118.7;165.1;156.845;0
25/12/2023;137.8;134.3;99.2;411.7;12765;371.3;137.8;134.3;99.2;137.8;89.57;0;99.2;137.8;130.91;0
26/12/2023;154.9;148.5;110.6;411.7;12765;414;154.9;148.5;110.6;154.9;100.685;0;110.6;154.9;147.155;0
27/12/2023;162;155.1;116.4;411.7;12765;433.5;162;155.1;116.4;162;105.3;0;116.4;162;153.9;0
28/12/2023;160.2;154;114.9;411.7;12765;429.1;160.2;154;114.9;160.2;104.13;0;114.9;160.2;152.19;0
29/12/2023;179.7;172.5;129.4;411.7;12765;481.6;179.7;172.5;129.4;179.7;116.805;0;129.4;179.7;170.715;0
30/12/2023;169.3;161.6;120.8;411.7;12765;451.7;169.3;161.6;120.8;169.3;110.045;0;120.8;169.3;160.835;0
31/12/2023;128.5;123.3;91.5;411.7;12765;343.3;128.5;123.3;91.5;128.5;83.525;0;91.5;128.5;122.075;0
01/01/2024;51;50.3;36.7;392;12177;138;51;50.3;36.7;51;33.15;0;36.7;51;48.45;0
02/01/2024;135.2;132.2;96.6;392;12177;364;135.2;132.2;96.6;135.2;87.88;0;96.6;135.2;128.44;0
03/01/2024;174.7;170.4;125.5;392;12177;470.6;174.7;170.4;125.5;174.7;113.555;0;125.5;174.7;165.965;0
04/01/2024;167.4;162.3;120.3;392;12177;450;167.4;162.3;120.3;167.4;108.81;0;120.3;167.4;159.03;0
05/01/2024;168.4;163.4;121;392;12177;452.8;168.4;163.4;121;168.4;109.46;0;121;168.4;159.98;0
06/01/2024;142.5;138.9;102.4;392;12177;383.8;142.5;138.9;102.4;142.5;92.625;0;102.4;142.5;135.375;0
07/01/2024;141.8;137.4;101.3;392;12177;380.5;141.8;137.4;101.3;141.8;92.17;0;101.3;141.8;134.71;0
08/01/2024;177.5;172.5;127;392;12177;477;177.5;172.5;127;177.5;115.375;0;127;177.5;168.625;0
09/01/2024;171.5;166.2;121.8;392;12177;459.5;171.5;166.2;121.8;171.5;111.475;0;121.8;171.5;162.925;0
10/01/2024;174.1;168.5;125.1;392;12177;467.7;174.1;168.5;125.1;174.1;113.165;0;125.1;174.1;165.395;0
11/01/2024;161.8;156;116.6;392;12177;434.4;161.8;156;116.6;161.8;105.17;0;116.6;161.8;153.71;0
12/01/2024;119.5;116.4;84.5;392;12177;320.4;119.5;116.4;84.5;119.5;77.675;0;84.5;119.5;113.525;0
13/01/2024;132.4;128.5;93.3;392;12177;354.2;132.4;128.5;93.3;132.4;86.06;0;93.3;132.4;125.78;0
14/01/2024;149.9;146.5;107.5;392;12177;403.9;149.9;146.5;107.5;149.9;97.435;0;107.5;149.9;142.405;0
15/01/2024;143.2;139.4;103.4;392;12177;386;143.2;139.4;103.4;143.2;93.08;0;103.4;143.2;136.04;0
16/01/2024;124.7;121.9;89.3;392;12177;335.9;124.7;121.9;89.3;124.7;81.055;0;89.3;124.7;118.465;0
17/01/2024;157.6;155;113.6;392;12177;426.2;157.6;155;113.6;157.6;102.44;0;113.6;157.6;149.72;0
18/01/2024;175.9;171.2;126.8;392;12177;473.9;175.9;171.2;126.8;175.9;114.335;0;126.8;175.9;167.105;0
19/01/2024;173.2;167.4;123.9;392;12177;464.5;173.2;167.4;123.9;173.2;112.58;0;123.9;173.2;164.54;0
20/01/2024;151.9;147.2;108.6;392;12177;407.7;151.9;147.2;108.6;151.9;98.735;0;108.6;151.9;144.305;0
21/01/2024;169;163.5;120.8;392;12177;453.3;169;163.5;120.8;169;109.85;0;120.8;169;160.55;0
22/01/2024;124.4;119.8;88.4;392;12177;332.6;124.4;119.8;88.4;124.4;80.86;0;88.4;124.4;118.18;0
23/01/2024;123.5;118.7;87.1;392;12177;329.3;123.5;118.7;87.1;123.5;80.275;0;87.1;123.5;117.325;0
24/01/2024;124.2;120.1;88.9;392;12177;333.2;124.2;120.1;88.9;124.2;80.73;0;88.9;124.2;117.99;0
25/01/2024;150.2;145.1;107.5;392;12177;402.8;150.2;145.1;107.5;150.2;97.63;0;107.5;150.2;142.69;0
26/01/2024;132.7;129.2;94.4;392;12177;356.3;132.7;129.2;94.4;132.7;86.255;0;94.4;132.7;126.065;0
27/01/2024;132.5;128.5;94.6;392;12177;355.6;132.5;128.5;94.6;132.5;86.125;0;94.6;132.5;125.875;0
28/01/2024;134.5;131.4;96.5;392;12177;362.4;134.5;131.4;96.5;134.5;87.425;0;96.5;134.5;127.775;0
29/01/2024;135.9;132.8;96.8;392;12177;365.5;135.9;132.8;96.8;135.9;88.335;0;96.8;135.9;129.105;0
30/01/2024;167.8;162.9;120.9;392;12177;451.6;167.8;162.9;120.9;167.8;109.07;0;120.9;167.8;159.41;0
31/01/2024;172.9;167;124.1;392;12177;464;172.9;167;124.1;172.9;112.385;0;124.1;172.9;164.255;0
